item_id,location,quality,timestamp,item_count,avg_price
T4_BAG,Black Market,1,2026-05-19T23:00:00,9,4307
T4_BAG,Black Market,1,2026-05-20T00:00:00,1,4424
T4_BAG,Black Market,1,2026-05-20T01:00:00,24,4434
T4_BAG,Black Market,1,2026-05-20T02:00:00,203,4457
T4_BAG,Black Market,1,2026-05-20T04:00:00,1,3950
T4_BAG,Black Market,1,2026-05-20T05:00:00,191,4449
T4_BAG,Black Market,1,2026-05-20T06:00:00,140,4468
T4_BAG,Black Market,1,2026-05-20T07:00:00,26,4332
T4_BAG,Black Market,1,2026-05-20T08:00:00,82,4491
T4_BAG,Black Market,1,2026-05-20T10:00:00,38,4544
T4_BAG,Black Market,1,2026-05-20T11:00:00,176,4582
T4_BAG,Black Market,1,2026-05-20T12:00:00,57,4797
T4_BAG,Black Market,1,2026-05-20T13:00:00,12,4781
T4_BAG,Black Market,1,2026-05-20T14:00:00,149,1600
T4_BAG,Black Market,1,2026-05-20T15:00:00,118,4845
T4_BAG,Black Market,1,2026-05-20T16:00:00,60,4225
T4_BAG,Black Market,1,2026-05-20T17:00:00,154,4091
T4_BAG,Black Market,1,2026-05-20T18:00:00,234,4359
T4_BAG,Black Market,1,2026-05-20T19:00:00,406,4828
T4_BAG,Black Market,1,2026-05-20T20:00:00,34,4870
T4_BAG,Black Market,1,2026-05-20T21:00:00,10,4584
T4_BAG,Black Market,1,2026-05-20T22:00:00,97,4888
T4_BAG,Black Market,1,2026-05-20T23:00:00,196,4919
T4_BAG,Black Market,1,2026-05-21T00:00:00,31,5056
T4_BAG,Black Market,1,2026-05-21T01:00:00,3,5056
T4_BAG,Black Market,1,2026-05-21T02:00:00,78,5121
T4_BAG,Black Market,1,2026-05-21T03:00:00,55,5133
T4_BAG,Black Market,1,2026-05-21T04:00:00,19,5093
T4_BAG,Black Market,1,2026-05-21T05:00:00,27,5214
T4_BAG,Black Market,1,2026-05-21T06:00:00,49,5311
T4_BAG,Black Market,1,2026-05-21T07:00:00,60,5345
T4_BAG,Black Market,1,2026-05-21T08:00:00,262,5375
T4_BAG,Black Market,1,2026-05-21T09:00:00,2,3634
T4_BAG,Black Market,1,2026-05-21T10:00:00,133,4476
T4_BAG,Black Market,1,2026-05-21T11:00:00,435,5374
T4_BAG,Black Market,1,2026-05-21T12:00:00,3,4529
T4_BAG,Black Market,1,2026-05-21T13:00:00,175,5297
T4_BAG,Black Market,1,2026-05-21T14:00:00,54,5161
T4_BAG,Black Market,1,2026-05-21T15:00:00,488,5347
T4_BAG,Black Market,1,2026-05-21T16:00:00,3,4845
T4_BAG,Black Market,1,2026-05-21T17:00:00,244,4582
T4_BAG,Black Market,1,2026-05-21T18:00:00,195,5418
T4_BAG,Black Market,1,2026-05-21T19:00:00,4,5095
T4_BAG,Black Market,1,2026-05-21T20:00:00,51,5317
T4_BAG,Black Market,1,2026-05-21T21:00:00,2,3397
T4_BAG,Black Market,1,2026-05-21T22:00:00,12,4684
T4_BAG,Black Market,1,2026-05-21T23:00:00,1,4898
T4_BAG,Black Market,1,2026-05-22T00:00:00,116,5468
T4_BAG,Black Market,1,2026-05-22T01:00:00,86,4578
T4_BAG,Black Market,1,2026-05-22T02:00:00,1,3160
T4_BAG,Black Market,1,2026-05-22T03:00:00,151,3989
T4_BAG,Black Market,1,2026-05-22T04:00:00,159,3995
T4_BAG,Black Market,1,2026-05-22T05:00:00,1,3950
T4_BAG,Black Market,1,2026-05-22T06:00:00,75,3999
T4_BAG,Black Market,1,2026-05-22T07:00:00,177,3982
T4_BAG,Black Market,1,2026-05-22T09:00:00,15,3498
T4_BAG,Black Market,1,2026-05-22T10:00:00,430,3773
T4_BAG,Black Market,1,2026-05-22T11:00:00,15,3601
T4_BAG,Black Market,1,2026-05-22T12:00:00,48,3432
T4_BAG,Black Market,1,2026-05-22T13:00:00,19,3296
T4_BAG,Black Market,1,2026-05-22T14:00:00,71,3485
T4_BAG,Black Market,1,2026-05-22T15:00:00,505,3697
T4_BAG,Black Market,1,2026-05-22T16:00:00,3,2580
T4_BAG,Black Market,1,2026-05-22T17:00:00,169,3696
T4_BAG,Black Market,1,2026-05-22T18:00:00,100,3994
T4_BAG,Black Market,1,2026-05-22T19:00:00,7,3821
T4_BAG,Black Market,1,2026-05-22T20:00:00,2,3950
T4_BAG,Black Market,1,2026-05-22T21:00:00,62,4118
T4_BAG,Black Market,1,2026-05-22T22:00:00,4,3783
T4_BAG,Black Market,1,2026-05-22T23:00:00,1,4266
T4_BAG,Black Market,1,2026-05-23T00:00:00,127,4740
T4_BAG,Black Market,1,2026-05-23T01:00:00,57,4778
T4_BAG,Black Market,1,2026-05-23T02:00:00,309,4740
T4_BAG,Black Market,1,2026-05-23T03:00:00,1,2054
T4_BAG,Black Market,1,2026-05-23T04:00:00,1,3318
T4_BAG,Black Market,1,2026-05-23T05:00:00,4,4108
T4_BAG,Black Market,1,2026-05-23T06:00:00,2,3318
T4_BAG,Black Market,1,2026-05-23T07:00:00,302,4164
T4_BAG,Black Market,1,2026-05-23T08:00:00,2,2133
T4_BAG,Black Market,1,2026-05-23T09:00:00,11,3870
T4_BAG,Black Market,1,2026-05-23T11:00:00,328,4026
T4_BAG,Black Market,1,2026-05-23T12:00:00,99,4127
T4_BAG,Black Market,1,2026-05-23T13:00:00,287,3894
T4_BAG,Black Market,1,2026-05-23T14:00:00,18,4445
T4_BAG,Black Market,1,2026-05-23T15:00:00,9,4723
T4_BAG,Black Market,1,2026-05-23T16:00:00,240,4687
T4_BAG,Black Market,1,2026-05-23T17:00:00,99,4741
T4_BAG,Black Market,1,2026-05-23T18:00:00,373,4770
T4_BAG,Black Market,1,2026-05-23T19:00:00,293,4763
T4_BAG,Black Market,1,2026-05-23T20:00:00,100,4795
T4_BAG,Black Market,1,2026-05-23T21:00:00,1,1106
T4_BAG,Black Market,1,2026-05-23T22:00:00,4,4763
T4_BAG,Black Market,1,2026-05-23T23:00:00,168,4780
T4_BAG,Black Market,1,2026-05-24T00:00:00,37,4641
T4_BAG,Black Market,1,2026-05-24T01:00:00,657,3245
T4_BAG,Black Market,1,2026-05-24T03:00:00,1,3160
T4_BAG,Black Market,1,2026-05-24T16:00:00,146,4208
T4_BAG,Black Market,1,2026-05-24T17:00:00,88,4569
T4_BAG,Black Market,1,2026-05-24T18:00:00,6,3476
T4_BAG,Black Market,1,2026-05-24T19:00:00,31,4077
T4_BAG,Black Market,1,2026-05-24T20:00:00,109,4445
T4_BAG,Black Market,1,2026-05-24T21:00:00,4,2923
T4_BAG,Black Market,1,2026-05-24T22:00:00,3,4513
T4_BAG,Black Market,1,2026-05-24T23:00:00,4,3199
T4_BAG,Black Market,1,2026-05-25T00:00:00,190,4514
T4_BAG,Black Market,1,2026-05-25T01:00:00,46,4506
T4_BAG,Black Market,1,2026-05-25T02:00:00,79,4410
T4_BAG,Black Market,1,2026-05-25T04:00:00,11,4282
T4_BAG,Black Market,1,2026-05-25T05:00:00,68,4294
T4_BAG,Black Market,1,2026-05-25T07:00:00,108,4278
T4_BAG,Black Market,1,2026-05-25T08:00:00,2,3002
T4_BAG,Black Market,1,2026-05-25T09:00:00,48,4289
T4_BAG,Black Market,1,2026-05-25T10:00:00,1,3950
T4_BAG,Black Market,1,2026-05-25T11:00:00,33,4278
T4_BAG,Black Market,1,2026-05-25T12:00:00,175,4155
T4_BAG,Black Market,1,2026-05-25T13:00:00,43,4168
T4_BAG,Black Market,1,2026-05-25T14:00:00,6,4123
T4_BAG,Black Market,1,2026-05-25T15:00:00,208,4113
T4_BAG,Black Market,1,2026-05-25T16:00:00,76,4224
T4_BAG,Black Market,1,2026-05-25T17:00:00,127,4279
T4_BAG,Black Market,1,2026-05-25T18:00:00,445,4285
T4_BAG,Black Market,1,2026-05-25T19:00:00,1,948
T4_BAG,Black Market,1,2026-05-25T20:00:00,356,4284
T4_BAG,Black Market,1,2026-05-25T21:00:00,81,4129
T4_BAG,Black Market,1,2026-05-25T22:00:00,126,4289
T4_BAG,Black Market,1,2026-05-25T23:00:00,2,2528
T4_BAG,Black Market,1,2026-05-26T00:00:00,212,4270
T4_BAG,Black Market,2,2026-05-19T23:00:00,199,4379
T4_BAG,Black Market,2,2026-05-20T00:00:00,159,4453
T4_BAG,Black Market,2,2026-05-20T01:00:00,95,4355
T4_BAG,Black Market,2,2026-05-20T02:00:00,226,4448
T4_BAG,Black Market,2,2026-05-20T03:00:00,124,4462
T4_BAG,Black Market,2,2026-05-20T04:00:00,18,4424
T4_BAG,Black Market,2,2026-05-20T05:00:00,11,4383
T4_BAG,Black Market,2,2026-05-20T06:00:00,234,4466
T4_BAG,Black Market,2,2026-05-20T07:00:00,95,4448
T4_BAG,Black Market,2,2026-05-20T08:00:00,118,4561
T4_BAG,Black Market,2,2026-05-20T09:00:00,137,4121
T4_BAG,Black Market,2,2026-05-20T10:00:00,18,3967
T4_BAG,Black Market,2,2026-05-20T11:00:00,84,4550
T4_BAG,Black Market,2,2026-05-20T12:00:00,154,4782
T4_BAG,Black Market,2,2026-05-20T13:00:00,13,4808
T4_BAG,Black Market,2,2026-05-20T14:00:00,118,4203
T4_BAG,Black Market,2,2026-05-20T15:00:00,16,4232
T4_BAG,Black Market,2,2026-05-20T16:00:00,523,4828
T4_BAG,Black Market,2,2026-05-20T17:00:00,147,4253
T4_BAG,Black Market,2,2026-05-20T18:00:00,41,4898
T4_BAG,Black Market,2,2026-05-20T19:00:00,72,4898
T4_BAG,Black Market,2,2026-05-20T20:00:00,15,4655
T4_BAG,Black Market,2,2026-05-20T21:00:00,188,4940
T4_BAG,Black Market,2,2026-05-20T22:00:00,77,4883
T4_BAG,Black Market,2,2026-05-20T23:00:00,291,4850
T4_BAG,Black Market,2,2026-05-21T00:00:00,83,4161
T4_BAG,Black Market,2,2026-05-21T01:00:00,2,4266
T4_BAG,Black Market,2,2026-05-21T02:00:00,8,5085
T4_BAG,Black Market,2,2026-05-21T03:00:00,59,5113
T4_BAG,Black Market,2,2026-05-21T04:00:00,49,5124
T4_BAG,Black Market,2,2026-05-21T05:00:00,67,5344
T4_BAG,Black Market,2,2026-05-21T06:00:00,208,5347
T4_BAG,Black Market,2,2026-05-21T07:00:00,3,3686
T4_BAG,Black Market,2,2026-05-21T08:00:00,397,5399
T4_BAG,Black Market,2,2026-05-21T09:00:00,10,3002
T4_BAG,Black Market,2,2026-05-21T10:00:00,100,5390
T4_BAG,Black Market,2,2026-05-21T11:00:00,80,5335
T4_BAG,Black Market,2,2026-05-21T12:00:00,59,5205
T4_BAG,Black Market,2,2026-05-21T13:00:00,377,5363
T4_BAG,Black Market,2,2026-05-21T14:00:00,120,5325
T4_BAG,Black Market,2,2026-05-21T15:00:00,162,3948
T4_BAG,Black Market,2,2026-05-21T16:00:00,159,5334
T4_BAG,Black Market,2,2026-05-21T17:00:00,94,4546
T4_BAG,Black Market,2,2026-05-21T18:00:00,252,5385
T4_BAG,Black Market,2,2026-05-21T19:00:00,301,5368
T4_BAG,Black Market,2,2026-05-21T20:00:00,536,5429
T4_BAG,Black Market,2,2026-05-21T21:00:00,170,5379
T4_BAG,Black Market,2,2026-05-21T22:00:00,428,5441
T4_BAG,Black Market,2,2026-05-21T23:00:00,19,5410
T4_BAG,Black Market,2,2026-05-22T00:00:00,422,5384
T4_BAG,Black Market,2,2026-05-22T01:00:00,214,3871
T4_BAG,Black Market,2,2026-05-22T03:00:00,3,3002
T4_BAG,Black Market,2,2026-05-22T04:00:00,141,3952
T4_BAG,Black Market,2,2026-05-22T05:00:00,165,4960
T4_BAG,Black Market,2,2026-05-22T06:00:00,203,3942
T4_BAG,Black Market,2,2026-05-22T07:00:00,58,4000
T4_BAG,Black Market,2,2026-05-22T08:00:00,445,3863
T4_BAG,Black Market,2,2026-05-22T09:00:00,240,3830
T4_BAG,Black Market,2,2026-05-22T10:00:00,103,3153
T4_BAG,Black Market,2,2026-05-22T11:00:00,252,3668
T4_BAG,Black Market,2,2026-05-22T12:00:00,401,3668
T4_BAG,Black Market,2,2026-05-22T13:00:00,600,3653
T4_BAG,Black Market,2,2026-05-22T14:00:00,332,3684
T4_BAG,Black Market,2,2026-05-22T15:00:00,171,3660
T4_BAG,Black Market,2,2026-05-22T16:00:00,89,3663
T4_BAG,Black Market,2,2026-05-22T17:00:00,383,3700
T4_BAG,Black Market,2,2026-05-22T18:00:00,497,3993
T4_BAG,Black Market,2,2026-05-22T19:00:00,517,3979
T4_BAG,Black Market,2,2026-05-22T20:00:00,147,3987
T4_BAG,Black Market,2,2026-05-22T21:00:00,141,4357
T4_BAG,Black Market,2,2026-05-22T22:00:00,653,4587
T4_BAG,Black Market,2,2026-05-22T23:00:00,2,2844
T4_BAG,Black Market,2,2026-05-23T00:00:00,216,4740
T4_BAG,Black Market,2,2026-05-23T01:00:00,159,4729
T4_BAG,Black Market,2,2026-05-23T02:00:00,167,4582
T4_BAG,Black Market,2,2026-05-23T03:00:00,110,4083
T4_BAG,Black Market,2,2026-05-23T05:00:00,589,4122
T4_BAG,Black Market,2,2026-05-23T06:00:00,2,2370
T4_BAG,Black Market,2,2026-05-23T07:00:00,288,4083
T4_BAG,Black Market,2,2026-05-23T08:00:00,153,4080
T4_BAG,Black Market,2,2026-05-23T09:00:00,579,4144
T4_BAG,Black Market,2,2026-05-23T10:00:00,18,4072
T4_BAG,Black Market,2,2026-05-23T11:00:00,204,4121
T4_BAG,Black Market,2,2026-05-23T12:00:00,371,4150
T4_BAG,Black Market,2,2026-05-23T13:00:00,442,4221
T4_BAG,Black Market,2,2026-05-23T14:00:00,21,4526
T4_BAG,Black Market,2,2026-05-23T15:00:00,560,4637
T4_BAG,Black Market,2,2026-05-23T16:00:00,417,4797
T4_BAG,Black Market,2,2026-05-23T17:00:00,6,3897
T4_BAG,Black Market,2,2026-05-23T18:00:00,65,4772
T4_BAG,Black Market,2,2026-05-23T19:00:00,51,4689
T4_BAG,Black Market,2,2026-05-23T20:00:00,63,4720
T4_BAG,Black Market,2,2026-05-23T21:00:00,10,4231
T4_BAG,Black Market,2,2026-05-23T22:00:00,354,4787
T4_BAG,Black Market,2,2026-05-23T23:00:00,298,4779
T4_BAG,Black Market,2,2026-05-24T00:00:00,66,4753
T4_BAG,Black Market,2,2026-05-24T01:00:00,187,4618
T4_BAG,Black Market,2,2026-05-24T02:00:00,19,2860
T4_BAG,Black Market,2,2026-05-24T03:00:00,3,3476
T4_BAG,Black Market,2,2026-05-24T04:00:00,8,3476
T4_BAG,Black Market,2,2026-05-24T05:00:00,5,3885
T4_BAG,Black Market,2,2026-05-24T06:00:00,247,4743
T4_BAG,Black Market,2,2026-05-24T07:00:00,529,4750
T4_BAG,Black Market,2,2026-05-24T08:00:00,196,4748
T4_BAG,Black Market,2,2026-05-24T09:00:00,177,4720
T4_BAG,Black Market,2,2026-05-24T10:00:00,124,4552
T4_BAG,Black Market,2,2026-05-24T11:00:00,201,4561
T4_BAG,Black Market,2,2026-05-24T12:00:00,234,4046
T4_BAG,Black Market,2,2026-05-24T13:00:00,4,3634
T4_BAG,Black Market,2,2026-05-24T14:00:00,416,4274
T4_BAG,Black Market,2,2026-05-24T15:00:00,4,3713
T4_BAG,Black Market,2,2026-05-24T16:00:00,396,4538
T4_BAG,Black Market,2,2026-05-24T17:00:00,588,4573
T4_BAG,Black Market,2,2026-05-24T18:00:00,201,4514
T4_BAG,Black Market,2,2026-05-24T19:00:00,463,4559
T4_BAG,Black Market,2,2026-05-24T20:00:00,622,4519
T4_BAG,Black Market,2,2026-05-24T21:00:00,182,4424
T4_BAG,Black Market,2,2026-05-24T22:00:00,512,4558
T4_BAG,Black Market,2,2026-05-24T23:00:00,152,4066
T4_BAG,Black Market,2,2026-05-25T00:00:00,31,4150
T4_BAG,Black Market,2,2026-05-25T01:00:00,149,4498
T4_BAG,Black Market,2,2026-05-25T02:00:00,328,4390
T4_BAG,Black Market,2,2026-05-25T03:00:00,2,3160
T4_BAG,Black Market,2,2026-05-25T04:00:00,70,4292
T4_BAG,Black Market,2,2026-05-25T05:00:00,67,4274
T4_BAG,Black Market,2,2026-05-25T06:00:00,50,4250
T4_BAG,Black Market,2,2026-05-25T07:00:00,212,4104
T4_BAG,Black Market,2,2026-05-25T08:00:00,29,4285
T4_BAG,Black Market,2,2026-05-25T09:00:00,110,4264
T4_BAG,Black Market,2,2026-05-25T10:00:00,3,4276
T4_BAG,Black Market,2,2026-05-25T11:00:00,344,4292
T4_BAG,Black Market,2,2026-05-25T12:00:00,119,4129
T4_BAG,Black Market,2,2026-05-25T13:00:00,161,4160
T4_BAG,Black Market,2,2026-05-25T14:00:00,25,4126
T4_BAG,Black Market,2,2026-05-25T15:00:00,87,4072
T4_BAG,Black Market,2,2026-05-25T16:00:00,100,4146
T4_BAG,Black Market,2,2026-05-25T17:00:00,280,4268
T4_BAG,Black Market,2,2026-05-25T18:00:00,229,4270
T4_BAG,Black Market,2,2026-05-25T19:00:00,34,4240
T4_BAG,Black Market,2,2026-05-25T20:00:00,307,4284
T4_BAG,Black Market,2,2026-05-25T21:00:00,25,4135
T4_BAG,Black Market,2,2026-05-25T22:00:00,369,4292
T4_BAG,Black Market,2,2026-05-25T23:00:00,156,4288
T4_BAG,Black Market,2,2026-05-26T00:00:00,24,4050
T4_BAG,Black Market,3,2026-05-19T23:00:00,31,4387
T4_BAG,Black Market,3,2026-05-20T00:00:00,2,4424
T4_BAG,Black Market,3,2026-05-20T01:00:00,10,4451
T4_BAG,Black Market,3,2026-05-20T02:00:00,31,4444
T4_BAG,Black Market,3,2026-05-20T03:00:00,13,4469
T4_BAG,Black Market,3,2026-05-20T05:00:00,10,4457
T4_BAG,Black Market,3,2026-05-20T06:00:00,32,4468
T4_BAG,Black Market,3,2026-05-20T07:00:00,24,4502
T4_BAG,Black Market,3,2026-05-20T08:00:00,34,4560
T4_BAG,Black Market,3,2026-05-20T09:00:00,6,4590
T4_BAG,Black Market,3,2026-05-20T11:00:00,148,4769
T4_BAG,Black Market,3,2026-05-20T12:00:00,225,4796
T4_BAG,Black Market,3,2026-05-20T13:00:00,394,4817
T4_BAG,Black Market,3,2026-05-20T14:00:00,429,4804
T4_BAG,Black Market,3,2026-05-20T15:00:00,32,4662
T4_BAG,Black Market,3,2026-05-20T16:00:00,51,4758
T4_BAG,Black Market,3,2026-05-20T17:00:00,85,4788
T4_BAG,Black Market,3,2026-05-20T18:00:00,17,4760
T4_BAG,Black Market,3,2026-05-20T19:00:00,215,4909
T4_BAG,Black Market,3,2026-05-20T20:00:00,2,4898
T4_BAG,Black Market,3,2026-05-20T21:00:00,251,4971
T4_BAG,Black Market,3,2026-05-20T22:00:00,48,4986
T4_BAG,Black Market,3,2026-05-20T23:00:00,87,4983
T4_BAG,Black Market,3,2026-05-21T00:00:00,34,5054
T4_BAG,Black Market,3,2026-05-21T02:00:00,67,4678
T4_BAG,Black Market,3,2026-05-21T03:00:00,10,5138
T4_BAG,Black Market,3,2026-05-21T04:00:00,139,5149
T4_BAG,Black Market,3,2026-05-21T05:00:00,5,5260
T4_BAG,Black Market,3,2026-05-21T06:00:00,12,5690
T4_BAG,Black Market,3,2026-05-21T07:00:00,4,5688
T4_BAG,Black Market,3,2026-05-21T08:00:00,4,5609
T4_BAG,Black Market,3,2026-05-21T11:00:00,33,5453
T4_BAG,Black Market,3,2026-05-21T13:00:00,39,5478
T4_BAG,Black Market,3,2026-05-21T14:00:00,9,5652
T4_BAG,Black Market,3,2026-05-21T15:00:00,33,5669
T4_BAG,Black Market,3,2026-05-21T16:00:00,4,4779
T4_BAG,Black Market,3,2026-05-21T17:00:00,45,4814
T4_BAG,Black Market,3,2026-05-21T18:00:00,26,5695
T4_BAG,Black Market,3,2026-05-21T19:00:00,34,5695
T4_BAG,Black Market,3,2026-05-21T21:00:00,34,5673
T4_BAG,Black Market,3,2026-05-21T23:00:00,16,5530
T4_BAG,Black Market,3,2026-05-22T01:00:00,10,5688
T4_BAG,Black Market,3,2026-05-22T02:00:00,1,5688
T4_BAG,Black Market,3,2026-05-22T04:00:00,1,5688
T4_BAG,Black Market,3,2026-05-22T05:00:00,5,5688
T4_BAG,Black Market,3,2026-05-22T06:00:00,31,5688
T4_BAG,Black Market,3,2026-05-22T07:00:00,203,3981
T4_BAG,Black Market,3,2026-05-22T08:00:00,4,5689
T4_BAG,Black Market,3,2026-05-22T09:00:00,30,5693
T4_BAG,Black Market,3,2026-05-22T10:00:00,3,5688
T4_BAG,Black Market,3,2026-05-22T11:00:00,12,4070
T4_BAG,Black Market,3,2026-05-22T12:00:00,37,3930
T4_BAG,Black Market,3,2026-05-22T13:00:00,7,4071
T4_BAG,Black Market,3,2026-05-22T14:00:00,27,3960
T4_BAG,Black Market,3,2026-05-22T15:00:00,21,4065
T4_BAG,Black Market,3,2026-05-22T16:00:00,26,4059
T4_BAG,Black Market,3,2026-05-22T17:00:00,29,4083
T4_BAG,Black Market,3,2026-05-22T18:00:00,21,4072
T4_BAG,Black Market,3,2026-05-22T19:00:00,34,4057
T4_BAG,Black Market,3,2026-05-22T20:00:00,324,4098
T4_BAG,Black Market,3,2026-05-22T21:00:00,169,4109
T4_BAG,Black Market,3,2026-05-22T22:00:00,32,5560
T4_BAG,Black Market,3,2026-05-22T23:00:00,4,4989
T4_BAG,Black Market,3,2026-05-23T00:00:00,31,4919
T4_BAG,Black Market,3,2026-05-23T02:00:00,4,4971
T4_BAG,Black Market,3,2026-05-23T03:00:00,4,4996
T4_BAG,Black Market,3,2026-05-23T04:00:00,7,4967
T4_BAG,Black Market,3,2026-05-23T05:00:00,41,4784
T4_BAG,Black Market,3,2026-05-23T07:00:00,71,3964
T4_BAG,Black Market,3,2026-05-23T08:00:00,18,4986
T4_BAG,Black Market,3,2026-05-23T09:00:00,18,4981
T4_BAG,Black Market,3,2026-05-23T10:00:00,30,4916
T4_BAG,Black Market,3,2026-05-23T11:00:00,2,4661
T4_BAG,Black Market,3,2026-05-23T12:00:00,15,4905
T4_BAG,Black Market,3,2026-05-23T13:00:00,40,4953
T4_BAG,Black Market,3,2026-05-23T14:00:00,4,4986
T4_BAG,Black Market,3,2026-05-23T15:00:00,45,4988
T4_BAG,Black Market,3,2026-05-23T16:00:00,27,3909
T4_BAG,Black Market,3,2026-05-23T18:00:00,69,4777
T4_BAG,Black Market,3,2026-05-23T19:00:00,274,4797
T4_BAG,Black Market,3,2026-05-23T20:00:00,467,4796
T4_BAG,Black Market,3,2026-05-23T21:00:00,8,4717
T4_BAG,Black Market,3,2026-05-23T22:00:00,33,4796
T4_BAG,Black Market,3,2026-05-23T23:00:00,3,4791
T4_BAG,Black Market,3,2026-05-24T00:00:00,16,4775
T4_BAG,Black Market,3,2026-05-24T09:00:00,32,4705
T4_BAG,Black Market,3,2026-05-24T11:00:00,11,4666
T4_BAG,Black Market,3,2026-05-24T12:00:00,39,4771
T4_BAG,Black Market,3,2026-05-24T13:00:00,32,4182
T4_BAG,Black Market,3,2026-05-24T14:00:00,33,4483
T4_BAG,Black Market,3,2026-05-24T15:00:00,33,4740
T4_BAG,Black Market,3,2026-05-24T16:00:00,34,4759
T4_BAG,Black Market,3,2026-05-24T17:00:00,10,3318
T4_BAG,Black Market,3,2026-05-24T18:00:00,33,4718
T4_BAG,Black Market,3,2026-05-24T19:00:00,6,4029
T4_BAG,Black Market,3,2026-05-24T20:00:00,21,4745
T4_BAG,Black Market,3,2026-05-24T21:00:00,32,4743
T4_BAG,Black Market,3,2026-05-24T22:00:00,35,4700
T4_BAG,Black Market,3,2026-05-24T23:00:00,2,1580
T4_BAG,Black Market,3,2026-05-25T00:00:00,3,3423
T4_BAG,Black Market,3,2026-05-25T01:00:00,32,4586
T4_BAG,Black Market,3,2026-05-25T02:00:00,32,1352
T4_BAG,Black Market,3,2026-05-25T03:00:00,1,1422
T4_BAG,Black Market,3,2026-05-25T04:00:00,53,4228
T4_BAG,Black Market,3,2026-05-25T05:00:00,351,4299
T4_BAG,Black Market,3,2026-05-25T06:00:00,11,4274
T4_BAG,Black Market,3,2026-05-25T07:00:00,209,4285
T4_BAG,Black Market,3,2026-05-25T08:00:00,178,4286
T4_BAG,Black Market,3,2026-05-25T09:00:00,322,4294
T4_BAG,Black Market,3,2026-05-25T10:00:00,71,4298
T4_BAG,Black Market,3,2026-05-25T11:00:00,370,4235
T4_BAG,Black Market,3,2026-05-25T12:00:00,106,4156
T4_BAG,Black Market,3,2026-05-25T13:00:00,109,4198
T4_BAG,Black Market,3,2026-05-25T14:00:00,600,4199
T4_BAG,Black Market,3,2026-05-25T15:00:00,31,4170
T4_BAG,Black Market,3,2026-05-25T16:00:00,464,4199
T4_BAG,Black Market,3,2026-05-25T17:00:00,112,3348
T4_BAG,Black Market,3,2026-05-25T18:00:00,33,4266
T4_BAG,Black Market,3,2026-05-25T19:00:00,26,4237
T4_BAG,Black Market,3,2026-05-25T20:00:00,158,4277
T4_BAG,Black Market,3,2026-05-25T21:00:00,176,4267
T4_BAG,Black Market,3,2026-05-25T22:00:00,13,4287
T4_BAG,Black Market,3,2026-05-25T23:00:00,34,4285
T4_BAG,Black Market,3,2026-05-26T00:00:00,40,4289
T4_BAG,Brecilien,1,2026-05-19T23:00:00,41,2546
T4_BAG,Brecilien,1,2026-05-20T00:00:00,18,2324
T4_BAG,Brecilien,1,2026-05-20T01:00:00,10,2640
T4_BAG,Brecilien,1,2026-05-20T02:00:00,11,2411
T4_BAG,Brecilien,1,2026-05-20T03:00:00,15,2547
T4_BAG,Brecilien,1,2026-05-20T04:00:00,16,2467
T4_BAG,Brecilien,1,2026-05-20T05:00:00,14,2520
T4_BAG,Brecilien,1,2026-05-20T06:00:00,16,2351
T4_BAG,Brecilien,1,2026-05-20T07:00:00,47,2576
T4_BAG,Brecilien,1,2026-05-20T08:00:00,22,2364
T4_BAG,Brecilien,1,2026-05-20T09:00:00,23,2414
T4_BAG,Brecilien,1,2026-05-20T10:00:00,33,2485
T4_BAG,Brecilien,1,2026-05-20T11:00:00,59,2361
T4_BAG,Brecilien,1,2026-05-20T12:00:00,89,2333
T4_BAG,Brecilien,1,2026-05-20T13:00:00,80,2418
T4_BAG,Brecilien,1,2026-05-20T14:00:00,106,2511
T4_BAG,Brecilien,1,2026-05-20T15:00:00,107,2338
T4_BAG,Brecilien,1,2026-05-20T16:00:00,86,2360
T4_BAG,Brecilien,1,2026-05-20T17:00:00,43,2100
T4_BAG,Brecilien,1,2026-05-20T18:00:00,75,2346
T4_BAG,Brecilien,1,2026-05-20T19:00:00,79,2397
T4_BAG,Brecilien,1,2026-05-20T20:00:00,56,2080
T4_BAG,Brecilien,1,2026-05-20T21:00:00,30,2234
T4_BAG,Brecilien,1,2026-05-20T22:00:00,37,2341
T4_BAG,Brecilien,1,2026-05-20T23:00:00,26,2311
T4_BAG,Brecilien,1,2026-05-21T00:00:00,17,2305
T4_BAG,Brecilien,1,2026-05-21T01:00:00,10,2262
T4_BAG,Brecilien,1,2026-05-21T02:00:00,9,2118
T4_BAG,Brecilien,1,2026-05-21T03:00:00,8,1845
T4_BAG,Brecilien,1,2026-05-21T04:00:00,10,2021
T4_BAG,Brecilien,1,2026-05-21T05:00:00,9,2075
T4_BAG,Brecilien,1,2026-05-21T06:00:00,10,2022
T4_BAG,Brecilien,1,2026-05-21T07:00:00,17,2174
T4_BAG,Brecilien,1,2026-05-21T08:00:00,34,2384
T4_BAG,Brecilien,1,2026-05-21T09:00:00,32,2346
T4_BAG,Brecilien,1,2026-05-21T10:00:00,29,2394
T4_BAG,Brecilien,1,2026-05-21T11:00:00,39,2158
T4_BAG,Brecilien,1,2026-05-21T12:00:00,55,2277
T4_BAG,Brecilien,1,2026-05-21T13:00:00,47,2061
T4_BAG,Brecilien,1,2026-05-21T14:00:00,49,2344
T4_BAG,Brecilien,1,2026-05-21T15:00:00,64,2216
T4_BAG,Brecilien,1,2026-05-21T16:00:00,61,2305
T4_BAG,Brecilien,1,2026-05-21T17:00:00,67,2360
T4_BAG,Brecilien,1,2026-05-21T18:00:00,106,2432
T4_BAG,Brecilien,1,2026-05-21T19:00:00,99,2389
T4_BAG,Brecilien,1,2026-05-21T20:00:00,93,2455
T4_BAG,Brecilien,1,2026-05-21T21:00:00,84,2324
T4_BAG,Brecilien,1,2026-05-21T22:00:00,77,2518
T4_BAG,Brecilien,1,2026-05-21T23:00:00,39,2406
T4_BAG,Brecilien,1,2026-05-22T00:00:00,14,2152
T4_BAG,Brecilien,1,2026-05-22T01:00:00,17,2131
T4_BAG,Brecilien,1,2026-05-22T02:00:00,16,2160
T4_BAG,Brecilien,1,2026-05-22T03:00:00,16,2296
T4_BAG,Brecilien,1,2026-05-22T04:00:00,18,2581
T4_BAG,Brecilien,1,2026-05-22T05:00:00,24,2248
T4_BAG,Brecilien,1,2026-05-22T06:00:00,33,2002
T4_BAG,Brecilien,1,2026-05-22T07:00:00,27,2240
T4_BAG,Brecilien,1,2026-05-22T08:00:00,25,2292
T4_BAG,Brecilien,1,2026-05-22T16:00:00,105,2393
T4_BAG,Brecilien,1,2026-05-22T17:00:00,75,2369
T4_BAG,Brecilien,1,2026-05-22T18:00:00,52,2318
T4_BAG,Brecilien,1,2026-05-22T19:00:00,72,2490
T4_BAG,Brecilien,1,2026-05-22T20:00:00,58,2533
T4_BAG,Brecilien,1,2026-05-22T21:00:00,124,2774
T4_BAG,Brecilien,1,2026-05-22T22:00:00,74,2637
T4_BAG,Brecilien,1,2026-05-22T23:00:00,44,2272
T4_BAG,Brecilien,1,2026-05-23T00:00:00,30,2072
T4_BAG,Brecilien,1,2026-05-23T01:00:00,26,2215
T4_BAG,Brecilien,1,2026-05-23T02:00:00,16,2070
T4_BAG,Brecilien,1,2026-05-23T03:00:00,20,1990
T4_BAG,Brecilien,1,2026-05-23T04:00:00,10,2267
T4_BAG,Brecilien,1,2026-05-23T05:00:00,15,1832
T4_BAG,Brecilien,1,2026-05-23T06:00:00,26,2267
T4_BAG,Brecilien,1,2026-05-23T07:00:00,39,2257
T4_BAG,Brecilien,1,2026-05-23T08:00:00,33,2120
T4_BAG,Brecilien,1,2026-05-23T09:00:00,55,2232
T4_BAG,Brecilien,1,2026-05-23T10:00:00,68,2275
T4_BAG,Brecilien,1,2026-05-23T11:00:00,58,2323
T4_BAG,Brecilien,1,2026-05-23T12:00:00,46,2328
T4_BAG,Brecilien,1,2026-05-23T13:00:00,78,2351
T4_BAG,Brecilien,1,2026-05-23T14:00:00,70,2313
T4_BAG,Brecilien,1,2026-05-23T15:00:00,116,2496
T4_BAG,Brecilien,1,2026-05-23T16:00:00,95,2428
T4_BAG,Brecilien,1,2026-05-23T17:00:00,88,2347
T4_BAG,Brecilien,1,2026-05-23T18:00:00,172,2539
T4_BAG,Brecilien,1,2026-05-23T19:00:00,193,2153
T4_BAG,Brecilien,1,2026-05-23T20:00:00,75,2372
T4_BAG,Brecilien,1,2026-05-23T21:00:00,48,2323
T4_BAG,Brecilien,1,2026-05-23T22:00:00,44,2359
T4_BAG,Brecilien,1,2026-05-23T23:00:00,52,2386
T4_BAG,Brecilien,1,2026-05-24T00:00:00,286,2721
T4_BAG,Brecilien,1,2026-05-24T01:00:00,28,2083
T4_BAG,Brecilien,1,2026-05-24T02:00:00,30,2187
T4_BAG,Brecilien,1,2026-05-24T03:00:00,48,2477
T4_BAG,Brecilien,1,2026-05-24T04:00:00,32,2212
T4_BAG,Brecilien,1,2026-05-24T05:00:00,30,2327
T4_BAG,Brecilien,1,2026-05-24T06:00:00,34,2304
T4_BAG,Brecilien,1,2026-05-24T07:00:00,27,2097
T4_BAG,Brecilien,1,2026-05-24T08:00:00,33,2215
T4_BAG,Brecilien,1,2026-05-24T09:00:00,41,2289
T4_BAG,Brecilien,1,2026-05-24T10:00:00,24,2265
T4_BAG,Brecilien,1,2026-05-24T11:00:00,462,2735
T4_BAG,Brecilien,1,2026-05-24T12:00:00,63,2341
T4_BAG,Brecilien,1,2026-05-24T13:00:00,75,2408
T4_BAG,Brecilien,1,2026-05-24T14:00:00,75,2416
T4_BAG,Brecilien,1,2026-05-24T15:00:00,71,2586
T4_BAG,Brecilien,1,2026-05-24T16:00:00,81,2503
T4_BAG,Brecilien,1,2026-05-24T17:00:00,75,2570
T4_BAG,Brecilien,1,2026-05-24T18:00:00,70,2692
T4_BAG,Brecilien,1,2026-05-24T19:00:00,41,2643
T4_BAG,Brecilien,1,2026-05-24T20:00:00,35,2554
T4_BAG,Brecilien,1,2026-05-24T21:00:00,55,2581
T4_BAG,Brecilien,1,2026-05-24T22:00:00,45,2734
T4_BAG,Brecilien,1,2026-05-24T23:00:00,30,2574
T4_BAG,Brecilien,1,2026-05-25T00:00:00,15,2689
T4_BAG,Brecilien,1,2026-05-25T01:00:00,12,2705
T4_BAG,Brecilien,1,2026-05-25T02:00:00,13,2270
T4_BAG,Brecilien,1,2026-05-25T03:00:00,18,2422
T4_BAG,Brecilien,1,2026-05-25T04:00:00,7,2187
T4_BAG,Brecilien,1,2026-05-25T05:00:00,9,2369
T4_BAG,Brecilien,1,2026-05-25T06:00:00,15,2539
T4_BAG,Brecilien,1,2026-05-25T07:00:00,15,2675
T4_BAG,Brecilien,1,2026-05-25T08:00:00,24,2589
T4_BAG,Brecilien,1,2026-05-25T09:00:00,34,2387
T4_BAG,Brecilien,1,2026-05-25T10:00:00,12,2504
T4_BAG,Brecilien,1,2026-05-25T11:00:00,29,2559
T4_BAG,Brecilien,1,2026-05-25T12:00:00,35,2552
T4_BAG,Brecilien,1,2026-05-25T13:00:00,43,2661
T4_BAG,Brecilien,1,2026-05-25T14:00:00,68,2697
T4_BAG,Brecilien,1,2026-05-25T15:00:00,42,2582
T4_BAG,Brecilien,1,2026-05-25T16:00:00,62,2440
T4_BAG,Brecilien,1,2026-05-25T17:00:00,55,2521
T4_BAG,Brecilien,1,2026-05-25T18:00:00,85,2784
T4_BAG,Brecilien,1,2026-05-25T19:00:00,52,2653
T4_BAG,Brecilien,1,2026-05-25T20:00:00,36,2468
T4_BAG,Brecilien,1,2026-05-25T21:00:00,46,2649
T4_BAG,Brecilien,1,2026-05-25T22:00:00,83,2793
T4_BAG,Brecilien,1,2026-05-25T23:00:00,135,2883
T4_BAG,Brecilien,1,2026-05-26T00:00:00,14,2661
T4_BAG,Brecilien,2,2026-05-19T23:00:00,33,2530
T4_BAG,Brecilien,2,2026-05-20T00:00:00,31,2081
T4_BAG,Brecilien,2,2026-05-20T01:00:00,10,2100
T4_BAG,Brecilien,2,2026-05-20T02:00:00,3,2461
T4_BAG,Brecilien,2,2026-05-20T17:00:00,127,2436
T4_BAG,Brecilien,2,2026-05-20T18:00:00,120,2420
T4_BAG,Brecilien,2,2026-05-20T19:00:00,92,2326
T4_BAG,Brecilien,2,2026-05-20T20:00:00,118,2449
T4_BAG,Brecilien,2,2026-05-20T21:00:00,83,2326
T4_BAG,Brecilien,2,2026-05-20T22:00:00,36,2339
T4_BAG,Brecilien,2,2026-05-20T23:00:00,43,2323
T4_BAG,Brecilien,2,2026-05-21T00:00:00,39,2223
T4_BAG,Brecilien,2,2026-05-21T01:00:00,31,2328
T4_BAG,Brecilien,2,2026-05-21T02:00:00,24,2338
T4_BAG,Brecilien,2,2026-05-21T03:00:00,12,2210
T4_BAG,Brecilien,2,2026-05-21T04:00:00,16,2291
T4_BAG,Brecilien,2,2026-05-21T05:00:00,19,2443
T4_BAG,Brecilien,2,2026-05-21T06:00:00,32,2388
T4_BAG,Brecilien,2,2026-05-21T07:00:00,616,2719
T4_BAG,Brecilien,2,2026-05-21T08:00:00,26,2462
T4_BAG,Brecilien,2,2026-05-21T09:00:00,27,2279
T4_BAG,Brecilien,2,2026-05-21T10:00:00,29,2293
T4_BAG,Brecilien,2,2026-05-21T11:00:00,435,2671
T4_BAG,Brecilien,2,2026-05-21T12:00:00,66,2402
T4_BAG,Brecilien,2,2026-05-21T13:00:00,80,2326
T4_BAG,Brecilien,2,2026-05-21T14:00:00,64,2258
T4_BAG,Brecilien,2,2026-05-21T15:00:00,56,2309
T4_BAG,Brecilien,2,2026-05-21T16:00:00,61,2327
T4_BAG,Brecilien,2,2026-05-21T17:00:00,74,2390
T4_BAG,Brecilien,2,2026-05-21T18:00:00,94,2486
T4_BAG,Brecilien,2,2026-05-21T19:00:00,80,2305
T4_BAG,Brecilien,2,2026-05-21T20:00:00,90,2342
T4_BAG,Brecilien,2,2026-05-21T21:00:00,72,2238
T4_BAG,Brecilien,2,2026-05-21T22:00:00,55,2307
T4_BAG,Brecilien,2,2026-05-21T23:00:00,52,2379
T4_BAG,Brecilien,2,2026-05-22T00:00:00,25,2198
T4_BAG,Brecilien,2,2026-05-22T01:00:00,19,2027
T4_BAG,Brecilien,2,2026-05-22T02:00:00,23,2303
T4_BAG,Brecilien,2,2026-05-22T03:00:00,13,2017
T4_BAG,Brecilien,2,2026-05-22T04:00:00,155,2722
T4_BAG,Brecilien,2,2026-05-22T05:00:00,80,2676
T4_BAG,Brecilien,2,2026-05-22T06:00:00,21,2248
T4_BAG,Brecilien,2,2026-05-22T07:00:00,21,2201
T4_BAG,Brecilien,2,2026-05-22T08:00:00,31,2421
T4_BAG,Brecilien,2,2026-05-22T09:00:00,40,2362
T4_BAG,Brecilien,2,2026-05-22T10:00:00,36,2198
T4_BAG,Brecilien,2,2026-05-22T11:00:00,105,2588
T4_BAG,Brecilien,2,2026-05-22T12:00:00,74,2235
T4_BAG,Brecilien,2,2026-05-22T13:00:00,103,2314
T4_BAG,Brecilien,2,2026-05-22T14:00:00,121,2506
T4_BAG,Brecilien,2,2026-05-22T15:00:00,85,2389
T4_BAG,Brecilien,2,2026-05-22T16:00:00,86,2406
T4_BAG,Brecilien,2,2026-05-22T17:00:00,128,2554
T4_BAG,Brecilien,2,2026-05-22T18:00:00,134,2457
T4_BAG,Brecilien,2,2026-05-22T19:00:00,111,2525
T4_BAG,Brecilien,2,2026-05-22T20:00:00,137,2546
T4_BAG,Brecilien,2,2026-05-22T21:00:00,240,2751
T4_BAG,Brecilien,2,2026-05-22T22:00:00,71,2509
T4_BAG,Brecilien,2,2026-05-22T23:00:00,32,2066
T4_BAG,Brecilien,2,2026-05-23T00:00:00,27,1991
T4_BAG,Brecilien,2,2026-05-23T01:00:00,15,2024
T4_BAG,Brecilien,2,2026-05-23T02:00:00,12,1943
T4_BAG,Brecilien,2,2026-05-23T03:00:00,14,2076
T4_BAG,Brecilien,2,2026-05-23T04:00:00,21,2285
T4_BAG,Brecilien,2,2026-05-23T05:00:00,21,2061
T4_BAG,Brecilien,2,2026-05-23T06:00:00,31,2204
T4_BAG,Brecilien,2,2026-05-23T07:00:00,35,2400
T4_BAG,Brecilien,2,2026-05-23T08:00:00,50,2394
T4_BAG,Brecilien,2,2026-05-23T09:00:00,75,2360
T4_BAG,Brecilien,2,2026-05-23T10:00:00,46,2267
T4_BAG,Brecilien,2,2026-05-23T11:00:00,114,2386
T4_BAG,Brecilien,2,2026-05-23T12:00:00,125,2420
T4_BAG,Brecilien,2,2026-05-23T13:00:00,120,2388
T4_BAG,Brecilien,2,2026-05-23T14:00:00,98,2345
T4_BAG,Brecilien,2,2026-05-23T15:00:00,104,2372
T4_BAG,Brecilien,2,2026-05-23T16:00:00,100,2359
T4_BAG,Brecilien,2,2026-05-23T17:00:00,134,2259
T4_BAG,Brecilien,2,2026-05-23T18:00:00,277,2555
T4_BAG,Brecilien,2,2026-05-23T19:00:00,132,2386
T4_BAG,Brecilien,2,2026-05-23T20:00:00,195,2514
T4_BAG,Brecilien,2,2026-05-23T21:00:00,132,2469
T4_BAG,Brecilien,2,2026-05-23T22:00:00,90,2357
T4_BAG,Brecilien,2,2026-05-23T23:00:00,59,2287
T4_BAG,Brecilien,2,2026-05-24T00:00:00,147,2552
T4_BAG,Brecilien,2,2026-05-24T01:00:00,24,2396
T4_BAG,Brecilien,2,2026-05-24T02:00:00,25,2266
T4_BAG,Brecilien,2,2026-05-24T03:00:00,21,2199
T4_BAG,Brecilien,2,2026-05-24T04:00:00,22,2280
T4_BAG,Brecilien,2,2026-05-24T05:00:00,27,2323
T4_BAG,Brecilien,2,2026-05-24T06:00:00,28,2333
T4_BAG,Brecilien,2,2026-05-24T07:00:00,80,2379
T4_BAG,Brecilien,2,2026-05-24T08:00:00,75,2339
T4_BAG,Brecilien,2,2026-05-24T09:00:00,91,2327
T4_BAG,Brecilien,2,2026-05-24T10:00:00,61,2409
T4_BAG,Brecilien,2,2026-05-24T11:00:00,564,2781
T4_BAG,Brecilien,2,2026-05-24T12:00:00,123,2449
T4_BAG,Brecilien,2,2026-05-24T13:00:00,109,2516
T4_BAG,Brecilien,2,2026-05-24T14:00:00,107,2730
T4_BAG,Brecilien,2,2026-05-24T15:00:00,121,2625
T4_BAG,Brecilien,2,2026-05-24T16:00:00,81,2606
T4_BAG,Brecilien,2,2026-05-24T17:00:00,110,2747
T4_BAG,Brecilien,2,2026-05-24T18:00:00,89,2680
T4_BAG,Brecilien,2,2026-05-24T19:00:00,67,2541
T4_BAG,Brecilien,2,2026-05-24T20:00:00,87,2579
T4_BAG,Brecilien,2,2026-05-24T21:00:00,58,2360
T4_BAG,Brecilien,2,2026-05-24T22:00:00,72,2462
T4_BAG,Brecilien,2,2026-05-24T23:00:00,83,2450
T4_BAG,Brecilien,2,2026-05-25T00:00:00,41,2398
T4_BAG,Brecilien,2,2026-05-25T01:00:00,27,2477
T4_BAG,Brecilien,2,2026-05-25T02:00:00,27,2263
T4_BAG,Brecilien,2,2026-05-25T03:00:00,23,2383
T4_BAG,Brecilien,2,2026-05-25T04:00:00,10,2817
T4_BAG,Brecilien,2,2026-05-25T05:00:00,17,2388
T4_BAG,Brecilien,2,2026-05-25T06:00:00,19,2559
T4_BAG,Brecilien,2,2026-05-25T07:00:00,21,2626
T4_BAG,Brecilien,2,2026-05-25T08:00:00,42,2675
T4_BAG,Brecilien,2,2026-05-25T09:00:00,66,2522
T4_BAG,Brecilien,2,2026-05-25T10:00:00,41,2540
T4_BAG,Brecilien,2,2026-05-25T11:00:00,96,2686
T4_BAG,Brecilien,2,2026-05-25T12:00:00,102,2629
T4_BAG,Brecilien,2,2026-05-25T13:00:00,1,2010
T4_BAG,Brecilien,3,2026-05-20T23:00:00,23,2481
T4_BAG,Brecilien,3,2026-05-21T00:00:00,13,2099
T4_BAG,Brecilien,3,2026-05-21T01:00:00,8,2159
T4_BAG,Brecilien,3,2026-05-21T02:00:00,3,1817
T4_BAG,Brecilien,3,2026-05-21T03:00:00,2,2364
T4_BAG,Brecilien,3,2026-05-21T04:00:00,2,2364
T4_BAG,Brecilien,3,2026-05-21T05:00:00,7,2303
T4_BAG,Brecilien,3,2026-05-21T06:00:00,15,2500
T4_BAG,Brecilien,3,2026-05-21T07:00:00,11,2550
T4_BAG,Brecilien,3,2026-05-21T08:00:00,12,2361
T4_BAG,Brecilien,3,2026-05-21T09:00:00,14,2420
T4_BAG,Brecilien,3,2026-05-21T10:00:00,15,1958
T4_BAG,Brecilien,3,2026-05-21T11:00:00,26,2439
T4_BAG,Brecilien,3,2026-05-21T12:00:00,20,2386
T4_BAG,Brecilien,3,2026-05-21T13:00:00,19,2152
T4_BAG,Brecilien,3,2026-05-21T14:00:00,143,2712
T4_BAG,Brecilien,3,2026-05-21T15:00:00,70,2550
T4_BAG,Brecilien,3,2026-05-21T16:00:00,96,2610
T4_BAG,Brecilien,3,2026-05-21T17:00:00,101,2575
T4_BAG,Brecilien,3,2026-05-21T18:00:00,55,2531
T4_BAG,Brecilien,3,2026-05-21T19:00:00,56,2522
T4_BAG,Brecilien,3,2026-05-21T20:00:00,49,2525
T4_BAG,Brecilien,3,2026-05-21T21:00:00,44,2389
T4_BAG,Brecilien,3,2026-05-21T22:00:00,28,2387
T4_BAG,Brecilien,3,2026-05-21T23:00:00,228,2741
T4_BAG,Brecilien,3,2026-05-22T00:00:00,12,2489
T4_BAG,Brecilien,3,2026-05-22T01:00:00,6,2420
T4_BAG,Brecilien,3,2026-05-22T02:00:00,11,2488
T4_BAG,Brecilien,3,2026-05-22T03:00:00,1,2793
T4_BAG,Brecilien,3,2026-05-22T04:00:00,11,2081
T4_BAG,Brecilien,3,2026-05-22T05:00:00,11,2082
T4_BAG,Brecilien,3,2026-05-22T06:00:00,6,2234
T4_BAG,Brecilien,3,2026-05-22T07:00:00,13,2602
T4_BAG,Brecilien,3,2026-05-22T08:00:00,29,2250
T4_BAG,Brecilien,3,2026-05-22T09:00:00,28,2271
T4_BAG,Brecilien,3,2026-05-22T10:00:00,24,2325
T4_BAG,Brecilien,3,2026-05-22T11:00:00,31,2504
T4_BAG,Brecilien,3,2026-05-22T12:00:00,35,2466
T4_BAG,Brecilien,3,2026-05-22T13:00:00,38,2432
T4_BAG,Brecilien,3,2026-05-22T14:00:00,37,2579
T4_BAG,Brecilien,3,2026-05-22T15:00:00,59,2627
T4_BAG,Brecilien,3,2026-05-22T16:00:00,30,2736
T4_BAG,Brecilien,3,2026-05-22T17:00:00,33,2445
T4_BAG,Brecilien,3,2026-05-22T18:00:00,31,2576
T4_BAG,Brecilien,3,2026-05-22T19:00:00,31,2578
T4_BAG,Brecilien,3,2026-05-22T20:00:00,36,2564
T4_BAG,Brecilien,3,2026-05-22T21:00:00,26,2348
T4_BAG,Brecilien,3,2026-05-22T22:00:00,19,2381
T4_BAG,Brecilien,3,2026-05-22T23:00:00,17,2302
T4_BAG,Brecilien,3,2026-05-23T00:00:00,15,2383
T4_BAG,Brecilien,3,2026-05-23T01:00:00,8,2189
T4_BAG,Brecilien,3,2026-05-23T02:00:00,8,2512
T4_BAG,Brecilien,3,2026-05-23T03:00:00,54,2417
T4_BAG,Brecilien,3,2026-05-23T04:00:00,3,2136
T4_BAG,Brecilien,3,2026-05-23T05:00:00,7,2048
T4_BAG,Brecilien,3,2026-05-23T06:00:00,13,2462
T4_BAG,Brecilien,3,2026-05-23T07:00:00,16,2711
T4_BAG,Brecilien,3,2026-05-23T16:00:00,41,2538
T4_BAG,Brecilien,3,2026-05-23T17:00:00,39,2597
T4_BAG,Brecilien,3,2026-05-23T18:00:00,37,2720
T4_BAG,Brecilien,3,2026-05-23T19:00:00,36,2598
T4_BAG,Brecilien,3,2026-05-23T20:00:00,45,2373
T4_BAG,Brecilien,3,2026-05-23T21:00:00,33,2407
T4_BAG,Brecilien,3,2026-05-23T22:00:00,28,2416
T4_BAG,Brecilien,3,2026-05-23T23:00:00,23,2656
T4_BAG,Brecilien,3,2026-05-24T00:00:00,43,2741
T4_BAG,Brecilien,3,2026-05-24T01:00:00,15,2420
T4_BAG,Brecilien,3,2026-05-24T02:00:00,7,2525
T4_BAG,Brecilien,3,2026-05-24T03:00:00,9,2509
T4_BAG,Brecilien,3,2026-05-24T04:00:00,6,2107
T4_BAG,Brecilien,3,2026-05-24T05:00:00,6,2286
T4_BAG,Brecilien,3,2026-05-24T06:00:00,13,2573
T4_BAG,Brecilien,3,2026-05-24T07:00:00,8,2711
T4_BAG,Brecilien,3,2026-05-24T08:00:00,24,2580
T4_BAG,Brecilien,3,2026-05-24T09:00:00,21,2487
T4_BAG,Brecilien,3,2026-05-24T10:00:00,11,2785
T4_BAG,Brecilien,3,2026-05-24T11:00:00,35,2653
T4_BAG,Brecilien,3,2026-05-24T12:00:00,39,2737
T4_BAG,Brecilien,3,2026-05-24T13:00:00,240,2930
T4_BAG,Brecilien,3,2026-05-24T14:00:00,31,2754
T4_BAG,Brecilien,3,2026-05-24T15:00:00,215,2929
T4_BAG,Brecilien,3,2026-05-24T16:00:00,63,2915
T4_BAG,Brecilien,3,2026-05-25T19:00:00,49,2580
T4_BAG,Brecilien,3,2026-05-25T20:00:00,47,2645
T4_BAG,Brecilien,3,2026-05-25T21:00:00,53,2661
T4_BAG,Brecilien,3,2026-05-25T22:00:00,125,2914
T4_BAG,Brecilien,3,2026-05-25T23:00:00,27,2511
T4_BAG,Brecilien,3,2026-05-26T00:00:00,19,2552
T4_BAG,Bridgewatch,1,2026-05-19T23:00:00,43,3073
T4_BAG,Bridgewatch,1,2026-05-20T00:00:00,16,3123
T4_BAG,Bridgewatch,1,2026-05-20T01:00:00,7,2728
T4_BAG,Bridgewatch,1,2026-05-20T02:00:00,12,2853
T4_BAG,Bridgewatch,1,2026-05-20T03:00:00,7,3019
T4_BAG,Bridgewatch,1,2026-05-20T04:00:00,5,3078
T4_BAG,Bridgewatch,1,2026-05-20T05:00:00,6,2768
T4_BAG,Bridgewatch,1,2026-05-20T06:00:00,9,2661
T4_BAG,Bridgewatch,1,2026-05-20T07:00:00,172,3170
T4_BAG,Bridgewatch,1,2026-05-20T08:00:00,23,3053
T4_BAG,Bridgewatch,1,2026-05-20T09:00:00,59,3063
T4_BAG,Bridgewatch,1,2026-05-20T10:00:00,34,3149
T4_BAG,Bridgewatch,1,2026-05-20T11:00:00,96,3130
T4_BAG,Bridgewatch,1,2026-05-20T12:00:00,88,3114
T4_BAG,Bridgewatch,1,2026-05-20T13:00:00,37,2957
T4_BAG,Bridgewatch,1,2026-05-20T14:00:00,57,3103
T4_BAG,Bridgewatch,1,2026-05-20T15:00:00,70,3047
T4_BAG,Bridgewatch,1,2026-05-20T16:00:00,68,3064
T4_BAG,Bridgewatch,1,2026-05-20T17:00:00,15,3016
T4_BAG,Bridgewatch,1,2026-05-20T18:00:00,38,3011
T4_BAG,Bridgewatch,1,2026-05-20T19:00:00,63,3021
T4_BAG,Bridgewatch,1,2026-05-20T20:00:00,27,2980
T4_BAG,Bridgewatch,1,2026-05-20T21:00:00,45,2961
T4_BAG,Bridgewatch,1,2026-05-20T22:00:00,36,2808
T4_BAG,Bridgewatch,1,2026-05-20T23:00:00,53,3046
T4_BAG,Bridgewatch,1,2026-05-21T00:00:00,38,2984
T4_BAG,Bridgewatch,1,2026-05-21T01:00:00,21,3007
T4_BAG,Bridgewatch,1,2026-05-21T02:00:00,8,2781
T4_BAG,Bridgewatch,1,2026-05-21T03:00:00,7,2721
T4_BAG,Bridgewatch,1,2026-05-21T04:00:00,18,2975
T4_BAG,Bridgewatch,1,2026-05-21T05:00:00,13,3042
T4_BAG,Bridgewatch,1,2026-05-21T06:00:00,11,2955
T4_BAG,Bridgewatch,1,2026-05-21T07:00:00,18,3010
T4_BAG,Bridgewatch,1,2026-05-21T08:00:00,31,3126
T4_BAG,Bridgewatch,1,2026-05-21T09:00:00,22,2982
T4_BAG,Bridgewatch,1,2026-05-21T10:00:00,16,2864
T4_BAG,Bridgewatch,1,2026-05-21T11:00:00,36,3102
T4_BAG,Bridgewatch,1,2026-05-21T12:00:00,73,3041
T4_BAG,Bridgewatch,1,2026-05-21T13:00:00,50,3033
T4_BAG,Bridgewatch,1,2026-05-21T14:00:00,91,3141
T4_BAG,Bridgewatch,1,2026-05-21T15:00:00,60,3019
T4_BAG,Bridgewatch,1,2026-05-21T16:00:00,124,3092
T4_BAG,Bridgewatch,1,2026-05-21T17:00:00,247,3143
T4_BAG,Bridgewatch,1,2026-05-21T18:00:00,61,2938
T4_BAG,Bridgewatch,1,2026-05-21T19:00:00,96,3053
T4_BAG,Bridgewatch,1,2026-05-21T20:00:00,109,3023
T4_BAG,Bridgewatch,1,2026-05-21T21:00:00,43,3026
T4_BAG,Bridgewatch,1,2026-05-22T16:00:00,89,2971
T4_BAG,Bridgewatch,1,2026-05-22T17:00:00,80,2998
T4_BAG,Bridgewatch,1,2026-05-22T18:00:00,138,3102
T4_BAG,Bridgewatch,1,2026-05-22T19:00:00,52,2853
T4_BAG,Bridgewatch,1,2026-05-22T20:00:00,58,3075
T4_BAG,Bridgewatch,1,2026-05-22T21:00:00,65,3055
T4_BAG,Bridgewatch,1,2026-05-22T22:00:00,82,3105
T4_BAG,Bridgewatch,1,2026-05-22T23:00:00,47,3062
T4_BAG,Bridgewatch,1,2026-05-23T00:00:00,34,2923
T4_BAG,Bridgewatch,1,2026-05-23T01:00:00,21,2971
T4_BAG,Bridgewatch,1,2026-05-23T02:00:00,22,3020
T4_BAG,Bridgewatch,1,2026-05-23T03:00:00,24,2925
T4_BAG,Bridgewatch,1,2026-05-23T04:00:00,7,3010
T4_BAG,Bridgewatch,1,2026-05-23T05:00:00,27,2995
T4_BAG,Bridgewatch,1,2026-05-23T06:00:00,27,2779
T4_BAG,Bridgewatch,1,2026-05-23T07:00:00,32,3009
T4_BAG,Bridgewatch,1,2026-05-23T08:00:00,93,3108
T4_BAG,Bridgewatch,1,2026-05-23T09:00:00,59,2912
T4_BAG,Bridgewatch,1,2026-05-23T10:00:00,52,3108
T4_BAG,Bridgewatch,1,2026-05-23T11:00:00,78,3128
T4_BAG,Bridgewatch,1,2026-05-23T12:00:00,88,3068
T4_BAG,Bridgewatch,1,2026-05-23T13:00:00,62,3078
T4_BAG,Bridgewatch,1,2026-05-23T14:00:00,57,2966
T4_BAG,Bridgewatch,1,2026-05-23T15:00:00,57,3051
T4_BAG,Bridgewatch,1,2026-05-23T16:00:00,60,3081
T4_BAG,Bridgewatch,1,2026-05-23T17:00:00,36,2886
T4_BAG,Bridgewatch,1,2026-05-23T18:00:00,36,2958
T4_BAG,Bridgewatch,1,2026-05-23T19:00:00,49,2947
T4_BAG,Bridgewatch,1,2026-05-23T20:00:00,87,3019
T4_BAG,Bridgewatch,1,2026-05-23T21:00:00,27,2905
T4_BAG,Bridgewatch,1,2026-05-23T22:00:00,22,2857
T4_BAG,Bridgewatch,1,2026-05-23T23:00:00,16,2749
T4_BAG,Bridgewatch,1,2026-05-24T00:00:00,15,2934
T4_BAG,Bridgewatch,1,2026-05-24T01:00:00,17,2888
T4_BAG,Bridgewatch,1,2026-05-24T02:00:00,26,2917
T4_BAG,Bridgewatch,1,2026-05-24T03:00:00,30,2974
T4_BAG,Bridgewatch,1,2026-05-24T04:00:00,18,2974
T4_BAG,Bridgewatch,1,2026-05-24T05:00:00,27,3020
T4_BAG,Bridgewatch,1,2026-05-24T06:00:00,27,2950
T4_BAG,Bridgewatch,1,2026-05-24T07:00:00,30,2923
T4_BAG,Bridgewatch,1,2026-05-24T08:00:00,46,2723
T4_BAG,Bridgewatch,1,2026-05-24T09:00:00,19,2949
T4_BAG,Bridgewatch,1,2026-05-24T10:00:00,22,2980
T4_BAG,Bridgewatch,1,2026-05-24T11:00:00,69,3062
T4_BAG,Bridgewatch,1,2026-05-24T12:00:00,330,3161
T4_BAG,Bridgewatch,1,2026-05-24T13:00:00,60,2934
T4_BAG,Bridgewatch,1,2026-05-24T14:00:00,51,2787
T4_BAG,Bridgewatch,1,2026-05-24T15:00:00,91,3016
T4_BAG,Bridgewatch,1,2026-05-24T16:00:00,70,2994
T4_BAG,Bridgewatch,1,2026-05-24T17:00:00,108,2968
T4_BAG,Bridgewatch,1,2026-05-24T18:00:00,105,3008
T4_BAG,Bridgewatch,1,2026-05-24T19:00:00,151,3092
T4_BAG,Bridgewatch,1,2026-05-24T20:00:00,68,3063
T4_BAG,Bridgewatch,1,2026-05-24T21:00:00,97,3084
T4_BAG,Bridgewatch,1,2026-05-24T22:00:00,61,3082
T4_BAG,Bridgewatch,1,2026-05-24T23:00:00,56,2664
T4_BAG,Bridgewatch,1,2026-05-25T00:00:00,14,3055
T4_BAG,Bridgewatch,1,2026-05-25T01:00:00,7,2915
T4_BAG,Bridgewatch,1,2026-05-25T02:00:00,17,2890
T4_BAG,Bridgewatch,1,2026-05-25T03:00:00,7,2642
T4_BAG,Bridgewatch,1,2026-05-25T04:00:00,7,2904
T4_BAG,Bridgewatch,1,2026-05-25T05:00:00,8,2861
T4_BAG,Bridgewatch,1,2026-05-25T06:00:00,11,2902
T4_BAG,Bridgewatch,1,2026-05-25T07:00:00,25,2802
T4_BAG,Bridgewatch,1,2026-05-25T08:00:00,26,3072
T4_BAG,Bridgewatch,1,2026-05-25T09:00:00,47,3058
T4_BAG,Bridgewatch,1,2026-05-25T10:00:00,11,2982
T4_BAG,Bridgewatch,1,2026-05-25T11:00:00,35,3060
T4_BAG,Bridgewatch,1,2026-05-25T12:00:00,169,2694
T4_BAG,Bridgewatch,1,2026-05-25T13:00:00,52,3071
T4_BAG,Bridgewatch,1,2026-05-25T14:00:00,66,3139
T4_BAG,Bridgewatch,1,2026-05-25T15:00:00,56,2818
T4_BAG,Bridgewatch,1,2026-05-25T16:00:00,21,2882
T4_BAG,Bridgewatch,1,2026-05-25T19:00:00,104,2821
T4_BAG,Bridgewatch,1,2026-05-25T20:00:00,43,2877
T4_BAG,Bridgewatch,1,2026-05-25T21:00:00,39,3134
T4_BAG,Bridgewatch,1,2026-05-25T22:00:00,31,3016
T4_BAG,Bridgewatch,1,2026-05-25T23:00:00,18,2981
T4_BAG,Bridgewatch,1,2026-05-26T00:00:00,13,2780
T4_BAG,Bridgewatch,2,2026-05-19T23:00:00,48,3062
T4_BAG,Bridgewatch,2,2026-05-20T00:00:00,43,3073
T4_BAG,Bridgewatch,2,2026-05-20T01:00:00,31,3114
T4_BAG,Bridgewatch,2,2026-05-20T02:00:00,13,2895
T4_BAG,Bridgewatch,2,2026-05-20T03:00:00,18,2943
T4_BAG,Bridgewatch,2,2026-05-20T04:00:00,22,2959
T4_BAG,Bridgewatch,2,2026-05-20T05:00:00,20,3098
T4_BAG,Bridgewatch,2,2026-05-20T06:00:00,31,3071
T4_BAG,Bridgewatch,2,2026-05-20T07:00:00,162,3141
T4_BAG,Bridgewatch,2,2026-05-20T08:00:00,37,2929
T4_BAG,Bridgewatch,2,2026-05-20T09:00:00,87,2794
T4_BAG,Bridgewatch,2,2026-05-20T10:00:00,23,3133
T4_BAG,Bridgewatch,2,2026-05-20T11:00:00,28,3010
T4_BAG,Bridgewatch,2,2026-05-20T12:00:00,46,3045
T4_BAG,Bridgewatch,2,2026-05-20T13:00:00,125,3102
T4_BAG,Bridgewatch,2,2026-05-20T14:00:00,73,3087
T4_BAG,Bridgewatch,2,2026-05-20T15:00:00,45,2990
T4_BAG,Bridgewatch,2,2026-05-20T16:00:00,102,3125
T4_BAG,Bridgewatch,2,2026-05-20T17:00:00,133,3113
T4_BAG,Bridgewatch,2,2026-05-20T18:00:00,229,3144
T4_BAG,Bridgewatch,2,2026-05-20T19:00:00,211,3106
T4_BAG,Bridgewatch,2,2026-05-20T20:00:00,209,3131
T4_BAG,Bridgewatch,2,2026-05-20T21:00:00,107,3084
T4_BAG,Bridgewatch,2,2026-05-20T22:00:00,71,3043
T4_BAG,Bridgewatch,2,2026-05-20T23:00:00,38,3045
T4_BAG,Bridgewatch,2,2026-05-21T00:00:00,21,2981
T4_BAG,Bridgewatch,2,2026-05-21T01:00:00,18,3089
T4_BAG,Bridgewatch,2,2026-05-21T02:00:00,149,2586
T4_BAG,Bridgewatch,2,2026-05-21T03:00:00,18,2989
T4_BAG,Bridgewatch,2,2026-05-21T04:00:00,13,3043
T4_BAG,Bridgewatch,2,2026-05-21T05:00:00,20,3129
T4_BAG,Bridgewatch,2,2026-05-21T06:00:00,21,2975
T4_BAG,Bridgewatch,2,2026-05-21T07:00:00,27,2950
T4_BAG,Bridgewatch,2,2026-05-21T08:00:00,36,3027
T4_BAG,Bridgewatch,2,2026-05-21T09:00:00,58,2967
T4_BAG,Bridgewatch,2,2026-05-21T10:00:00,55,3126
T4_BAG,Bridgewatch,2,2026-05-21T11:00:00,72,3044
T4_BAG,Bridgewatch,2,2026-05-21T12:00:00,56,3007
T4_BAG,Bridgewatch,2,2026-05-21T13:00:00,95,3072
T4_BAG,Bridgewatch,2,2026-05-21T14:00:00,696,3184
T4_BAG,Bridgewatch,2,2026-05-21T15:00:00,97,3118
T4_BAG,Bridgewatch,2,2026-05-21T16:00:00,76,3070
T4_BAG,Bridgewatch,2,2026-05-21T17:00:00,180,3112
T4_BAG,Bridgewatch,2,2026-05-21T18:00:00,168,3128
T4_BAG,Bridgewatch,2,2026-05-21T19:00:00,191,3093
T4_BAG,Bridgewatch,2,2026-05-21T20:00:00,99,3006
T4_BAG,Bridgewatch,2,2026-05-21T21:00:00,105,3052
T4_BAG,Bridgewatch,2,2026-05-21T22:00:00,52,2871
T4_BAG,Bridgewatch,2,2026-05-21T23:00:00,38,3005
T4_BAG,Bridgewatch,2,2026-05-22T00:00:00,29,2983
T4_BAG,Bridgewatch,2,2026-05-22T01:00:00,16,2871
T4_BAG,Bridgewatch,2,2026-05-22T02:00:00,6,2763
T4_BAG,Bridgewatch,2,2026-05-22T03:00:00,14,3099
T4_BAG,Bridgewatch,2,2026-05-22T04:00:00,24,3005
T4_BAG,Bridgewatch,2,2026-05-22T05:00:00,20,3231
T4_BAG,Bridgewatch,2,2026-05-22T06:00:00,23,3013
T4_BAG,Bridgewatch,2,2026-05-22T07:00:00,34,3078
T4_BAG,Bridgewatch,2,2026-05-22T08:00:00,37,3011
T4_BAG,Bridgewatch,2,2026-05-22T09:00:00,31,2982
T4_BAG,Bridgewatch,2,2026-05-22T10:00:00,40,2811
T4_BAG,Bridgewatch,2,2026-05-22T11:00:00,53,2828
T4_BAG,Bridgewatch,2,2026-05-22T12:00:00,55,2967
T4_BAG,Bridgewatch,2,2026-05-22T13:00:00,71,2909
T4_BAG,Bridgewatch,2,2026-05-22T14:00:00,111,2974
T4_BAG,Bridgewatch,2,2026-05-22T15:00:00,152,3003
T4_BAG,Bridgewatch,2,2026-05-22T16:00:00,280,3056
T4_BAG,Bridgewatch,2,2026-05-22T17:00:00,139,3037
T4_BAG,Bridgewatch,2,2026-05-22T18:00:00,116,3020
T4_BAG,Bridgewatch,2,2026-05-22T19:00:00,227,3029
T4_BAG,Bridgewatch,2,2026-05-22T20:00:00,142,3058
T4_BAG,Bridgewatch,2,2026-05-22T21:00:00,97,2979
T4_BAG,Bridgewatch,2,2026-05-22T22:00:00,49,3018
T4_BAG,Bridgewatch,2,2026-05-22T23:00:00,44,2992
T4_BAG,Bridgewatch,2,2026-05-23T00:00:00,50,3024
T4_BAG,Bridgewatch,2,2026-05-23T01:00:00,42,3011
T4_BAG,Bridgewatch,2,2026-05-23T02:00:00,26,2832
T4_BAG,Bridgewatch,2,2026-05-23T03:00:00,15,3067
T4_BAG,Bridgewatch,2,2026-05-23T04:00:00,15,2937
T4_BAG,Bridgewatch,2,2026-05-23T05:00:00,13,2947
T4_BAG,Bridgewatch,2,2026-05-23T06:00:00,36,2894
T4_BAG,Bridgewatch,2,2026-05-23T07:00:00,43,3044
T4_BAG,Bridgewatch,2,2026-05-23T08:00:00,52,3047
T4_BAG,Bridgewatch,2,2026-05-23T09:00:00,91,3023
T4_BAG,Bridgewatch,2,2026-05-23T10:00:00,33,3039
T4_BAG,Bridgewatch,2,2026-05-23T11:00:00,79,3046
T4_BAG,Bridgewatch,2,2026-05-23T12:00:00,71,3008
T4_BAG,Bridgewatch,2,2026-05-23T13:00:00,113,3042
T4_BAG,Bridgewatch,2,2026-05-23T14:00:00,103,3069
T4_BAG,Bridgewatch,2,2026-05-23T15:00:00,86,3033
T4_BAG,Bridgewatch,2,2026-05-23T16:00:00,108,2998
T4_BAG,Bridgewatch,2,2026-05-23T17:00:00,147,3005
T4_BAG,Bridgewatch,2,2026-05-23T18:00:00,105,3097
T4_BAG,Bridgewatch,2,2026-05-23T19:00:00,230,3120
T4_BAG,Bridgewatch,2,2026-05-23T20:00:00,131,3086
T4_BAG,Bridgewatch,2,2026-05-23T21:00:00,269,3169
T4_BAG,Bridgewatch,2,2026-05-23T22:00:00,96,3058
T4_BAG,Bridgewatch,2,2026-05-23T23:00:00,67,3115
T4_BAG,Bridgewatch,2,2026-05-24T00:00:00,84,3069
T4_BAG,Bridgewatch,2,2026-05-24T01:00:00,80,3119
T4_BAG,Bridgewatch,2,2026-05-24T02:00:00,19,2887
T4_BAG,Bridgewatch,2,2026-05-24T03:00:00,8,2950
T4_BAG,Bridgewatch,2,2026-05-24T04:00:00,8,2870
T4_BAG,Bridgewatch,2,2026-05-24T05:00:00,22,2869
T4_BAG,Bridgewatch,2,2026-05-24T06:00:00,33,3040
T4_BAG,Bridgewatch,2,2026-05-24T07:00:00,74,3037
T4_BAG,Bridgewatch,2,2026-05-24T08:00:00,88,3083
T4_BAG,Bridgewatch,2,2026-05-24T09:00:00,99,3088
T4_BAG,Bridgewatch,2,2026-05-24T10:00:00,81,3081
T4_BAG,Bridgewatch,2,2026-05-24T11:00:00,88,3030
T4_BAG,Bridgewatch,2,2026-05-24T12:00:00,282,3146
T4_BAG,Bridgewatch,2,2026-05-24T13:00:00,152,3095
T4_BAG,Bridgewatch,2,2026-05-24T14:00:00,133,3080
T4_BAG,Bridgewatch,2,2026-05-24T15:00:00,114,3015
T4_BAG,Bridgewatch,2,2026-05-24T16:00:00,106,3019
T4_BAG,Bridgewatch,2,2026-05-24T17:00:00,110,2996
T4_BAG,Bridgewatch,2,2026-05-24T18:00:00,159,3057
T4_BAG,Bridgewatch,2,2026-05-24T19:00:00,283,3099
T4_BAG,Bridgewatch,2,2026-05-24T20:00:00,84,2975
T4_BAG,Bridgewatch,2,2026-05-24T21:00:00,47,2958
T4_BAG,Bridgewatch,2,2026-05-24T22:00:00,72,3039
T4_BAG,Bridgewatch,2,2026-05-24T23:00:00,119,2955
T4_BAG,Bridgewatch,2,2026-05-25T00:00:00,49,3035
T4_BAG,Bridgewatch,2,2026-05-25T01:00:00,38,3006
T4_BAG,Bridgewatch,2,2026-05-25T02:00:00,17,3004
T4_BAG,Bridgewatch,2,2026-05-25T03:00:00,27,3028
T4_BAG,Bridgewatch,2,2026-05-25T04:00:00,25,3140
T4_BAG,Bridgewatch,2,2026-05-25T05:00:00,22,3019
T4_BAG,Bridgewatch,2,2026-05-25T06:00:00,123,3175
T4_BAG,Bridgewatch,2,2026-05-25T07:00:00,62,3051
T4_BAG,Bridgewatch,2,2026-05-25T08:00:00,67,3081
T4_BAG,Bridgewatch,2,2026-05-25T09:00:00,83,3084
T4_BAG,Bridgewatch,2,2026-05-25T10:00:00,56,3131
T4_BAG,Bridgewatch,2,2026-05-25T11:00:00,123,3066
T4_BAG,Bridgewatch,2,2026-05-25T12:00:00,203,2863
T4_BAG,Bridgewatch,2,2026-05-25T13:00:00,127,3092
T4_BAG,Bridgewatch,2,2026-05-25T14:00:00,90,3042
T4_BAG,Bridgewatch,2,2026-05-25T15:00:00,48,2899
T4_BAG,Bridgewatch,2,2026-05-25T16:00:00,57,2970
T4_BAG,Bridgewatch,2,2026-05-25T17:00:00,150,3145
T4_BAG,Bridgewatch,2,2026-05-25T18:00:00,109,3167
T4_BAG,Bridgewatch,2,2026-05-25T19:00:00,147,3071
T4_BAG,Bridgewatch,2,2026-05-25T20:00:00,106,3123
T4_BAG,Bridgewatch,2,2026-05-25T21:00:00,84,3095
T4_BAG,Bridgewatch,2,2026-05-25T22:00:00,38,2986
T4_BAG,Bridgewatch,2,2026-05-25T23:00:00,32,2846
T4_BAG,Bridgewatch,2,2026-05-26T00:00:00,13,2921
T4_BAG,Bridgewatch,3,2026-05-19T23:00:00,19,3110
T4_BAG,Bridgewatch,3,2026-05-20T00:00:00,17,3089
T4_BAG,Bridgewatch,3,2026-05-20T01:00:00,11,3198
T4_BAG,Bridgewatch,3,2026-05-20T02:00:00,6,3263
T4_BAG,Bridgewatch,3,2026-05-20T03:00:00,4,3084
T4_BAG,Bridgewatch,3,2026-05-20T04:00:00,2,2552
T4_BAG,Bridgewatch,3,2026-05-20T05:00:00,2,3258
T4_BAG,Bridgewatch,3,2026-05-20T06:00:00,3,3258
T4_BAG,Bridgewatch,3,2026-05-20T07:00:00,7,3058
T4_BAG,Bridgewatch,3,2026-05-20T08:00:00,13,2987
T4_BAG,Bridgewatch,3,2026-05-20T09:00:00,19,3117
T4_BAG,Bridgewatch,3,2026-05-20T10:00:00,6,3073
T4_BAG,Bridgewatch,3,2026-05-20T11:00:00,18,3042
T4_BAG,Bridgewatch,3,2026-05-20T12:00:00,88,3229
T4_BAG,Bridgewatch,3,2026-05-20T13:00:00,45,2916
T4_BAG,Bridgewatch,3,2026-05-20T14:00:00,34,3080
T4_BAG,Bridgewatch,3,2026-05-20T15:00:00,48,3037
T4_BAG,Bridgewatch,3,2026-05-20T16:00:00,39,3124
T4_BAG,Bridgewatch,3,2026-05-20T17:00:00,17,3122
T4_BAG,Bridgewatch,3,2026-05-22T06:00:00,4,2900
T4_BAG,Bridgewatch,3,2026-05-22T07:00:00,12,3133
T4_BAG,Bridgewatch,3,2026-05-22T08:00:00,19,3061
T4_BAG,Bridgewatch,3,2026-05-22T09:00:00,25,2994
T4_BAG,Bridgewatch,3,2026-05-22T10:00:00,15,2964
T4_BAG,Bridgewatch,3,2026-05-22T11:00:00,35,2980
T4_BAG,Bridgewatch,3,2026-05-22T12:00:00,21,3240
T4_BAG,Bridgewatch,3,2026-05-22T13:00:00,17,3039
T4_BAG,Bridgewatch,3,2026-05-22T14:00:00,31,3044
T4_BAG,Bridgewatch,3,2026-05-22T15:00:00,34,3099
T4_BAG,Bridgewatch,3,2026-05-22T16:00:00,50,3192
T4_BAG,Bridgewatch,3,2026-05-22T17:00:00,47,3121
T4_BAG,Bridgewatch,3,2026-05-22T18:00:00,115,3191
T4_BAG,Bridgewatch,3,2026-05-22T19:00:00,27,2948
T4_BAG,Bridgewatch,3,2026-05-22T20:00:00,25,3055
T4_BAG,Bridgewatch,3,2026-05-22T21:00:00,35,3023
T4_BAG,Bridgewatch,3,2026-05-22T22:00:00,30,3017
T4_BAG,Bridgewatch,3,2026-05-22T23:00:00,217,3238
T4_BAG,Bridgewatch,3,2026-05-23T00:00:00,6,3130
T4_BAG,Bridgewatch,3,2026-05-23T01:00:00,7,3051
T4_BAG,Bridgewatch,3,2026-05-23T02:00:00,5,2793
T4_BAG,Bridgewatch,3,2026-05-23T03:00:00,4,2908
T4_BAG,Bridgewatch,3,2026-05-23T04:00:00,5,2840
T4_BAG,Bridgewatch,3,2026-05-23T05:00:00,15,3105
T4_BAG,Bridgewatch,3,2026-05-23T06:00:00,21,3108
T4_BAG,Bridgewatch,3,2026-05-23T07:00:00,29,3237
T4_BAG,Bridgewatch,3,2026-05-23T08:00:00,13,3131
T4_BAG,Bridgewatch,3,2026-05-23T09:00:00,25,3091
T4_BAG,Bridgewatch,3,2026-05-23T10:00:00,9,3032
T4_BAG,Bridgewatch,3,2026-05-23T11:00:00,25,3069
T4_BAG,Bridgewatch,3,2026-05-23T12:00:00,24,3035
T4_BAG,Bridgewatch,3,2026-05-23T13:00:00,29,3039
T4_BAG,Bridgewatch,3,2026-05-23T14:00:00,28,3128
T4_BAG,Bridgewatch,3,2026-05-23T15:00:00,46,3133
T4_BAG,Bridgewatch,3,2026-05-23T16:00:00,44,3057
T4_BAG,Bridgewatch,3,2026-05-23T17:00:00,43,3016
T4_BAG,Bridgewatch,3,2026-05-23T18:00:00,70,3107
T4_BAG,Bridgewatch,3,2026-05-23T19:00:00,44,3071
T4_BAG,Bridgewatch,3,2026-05-23T20:00:00,38,3006
T4_BAG,Bridgewatch,3,2026-05-23T21:00:00,52,3030
T4_BAG,Bridgewatch,3,2026-05-23T22:00:00,29,3030
T4_BAG,Bridgewatch,3,2026-05-23T23:00:00,20,3000
T4_BAG,Bridgewatch,3,2026-05-24T00:00:00,12,3032
T4_BAG,Bridgewatch,3,2026-05-24T01:00:00,7,2917
T4_BAG,Bridgewatch,3,2026-05-24T02:00:00,28,3055
T4_BAG,Bridgewatch,3,2026-05-24T03:00:00,5,2806
T4_BAG,Bridgewatch,3,2026-05-24T04:00:00,10,3062
T4_BAG,Bridgewatch,3,2026-05-24T05:00:00,3,3189
T4_BAG,Bridgewatch,3,2026-05-24T06:00:00,6,2976
T4_BAG,Bridgewatch,3,2026-05-24T07:00:00,15,2784
T4_BAG,Bridgewatch,3,2026-05-24T08:00:00,22,3007
T4_BAG,Bridgewatch,3,2026-05-24T09:00:00,35,3027
T4_BAG,Bridgewatch,3,2026-05-24T10:00:00,12,3083
T4_BAG,Bridgewatch,3,2026-05-24T11:00:00,133,2704
T4_BAG,Bridgewatch,3,2026-05-24T12:00:00,36,3062
T4_BAG,Bridgewatch,3,2026-05-24T13:00:00,46,3066
T4_BAG,Bridgewatch,3,2026-05-24T14:00:00,77,3116
T4_BAG,Bridgewatch,3,2026-05-24T15:00:00,30,2902
T4_BAG,Bridgewatch,3,2026-05-24T16:00:00,31,3003
T4_BAG,Bridgewatch,3,2026-05-24T17:00:00,53,3093
T4_BAG,Bridgewatch,3,2026-05-24T18:00:00,31,3023
T4_BAG,Bridgewatch,3,2026-05-24T19:00:00,50,3042
T4_BAG,Bridgewatch,3,2026-05-24T20:00:00,94,3126
T4_BAG,Bridgewatch,3,2026-05-24T21:00:00,76,3118
T4_BAG,Bridgewatch,3,2026-05-24T22:00:00,55,3073
T4_BAG,Bridgewatch,3,2026-05-24T23:00:00,40,3032
T4_BAG,Bridgewatch,3,2026-05-25T00:00:00,27,3028
T4_BAG,Bridgewatch,3,2026-05-25T01:00:00,3,3198
T4_BAG,Bridgewatch,3,2026-05-25T02:00:00,5,3068
T4_BAG,Bridgewatch,3,2026-05-25T03:00:00,10,2944
T4_BAG,Bridgewatch,3,2026-05-25T04:00:00,16,3036
T4_BAG,Bridgewatch,3,2026-05-25T05:00:00,8,2962
T4_BAG,Bridgewatch,3,2026-05-25T06:00:00,7,2984
T4_BAG,Bridgewatch,3,2026-05-25T07:00:00,7,3078
T4_BAG,Bridgewatch,3,2026-05-25T08:00:00,17,3007
T4_BAG,Bridgewatch,3,2026-05-25T09:00:00,25,3016
T4_BAG,Bridgewatch,3,2026-05-25T10:00:00,16,2995
T4_BAG,Bridgewatch,3,2026-05-25T11:00:00,30,2981
T4_BAG,Bridgewatch,3,2026-05-25T12:00:00,50,2885
T4_BAG,Bridgewatch,3,2026-05-25T13:00:00,41,3039
T4_BAG,Bridgewatch,3,2026-05-25T14:00:00,57,3076
T4_BAG,Bridgewatch,3,2026-05-25T15:00:00,132,3138
T4_BAG,Bridgewatch,3,2026-05-25T16:00:00,125,3149
T4_BAG,Bridgewatch,3,2026-05-25T17:00:00,262,3187
T4_BAG,Bridgewatch,3,2026-05-25T18:00:00,96,3107
T4_BAG,Bridgewatch,3,2026-05-25T19:00:00,84,3128
T4_BAG,Bridgewatch,3,2026-05-25T20:00:00,108,3186
T4_BAG,Bridgewatch,3,2026-05-25T21:00:00,76,3218
T4_BAG,Bridgewatch,3,2026-05-25T22:00:00,73,3218
T4_BAG,Bridgewatch,3,2026-05-25T23:00:00,47,3178
T4_BAG,Bridgewatch,3,2026-05-26T00:00:00,37,3160
T4_BAG,Caerleon,1,2026-05-19T23:00:00,1,4419
T4_BAG,Caerleon,1,2026-05-20T00:00:00,5,3745
T4_BAG,Caerleon,1,2026-05-20T01:00:00,2,4419
T4_BAG,Caerleon,1,2026-05-20T03:00:00,1,4418
T4_BAG,Caerleon,1,2026-05-20T04:00:00,1,3300
T4_BAG,Caerleon,1,2026-05-20T05:00:00,1,4419
T4_BAG,Caerleon,1,2026-05-20T06:00:00,1,4416
T4_BAG,Caerleon,2,2026-05-21T18:00:00,17,4261
T4_BAG,Caerleon,2,2026-05-21T19:00:00,27,4120
T4_BAG,Caerleon,2,2026-05-21T20:00:00,12,4195
T4_BAG,Caerleon,2,2026-05-21T21:00:00,8,4419
T4_BAG,Caerleon,2,2026-05-21T22:00:00,10,4284
T4_BAG,Caerleon,2,2026-05-21T23:00:00,5,4411
T4_BAG,Caerleon,2,2026-05-22T00:00:00,331,4414
T4_BAG,Caerleon,2,2026-05-22T01:00:00,5,5123
T4_BAG,Caerleon,2,2026-05-22T02:00:00,12,5654
T4_BAG,Caerleon,2,2026-05-22T03:00:00,1,5655
T4_BAG,Caerleon,2,2026-05-22T04:00:00,2,5659
T4_BAG,Caerleon,2,2026-05-22T05:00:00,3,3939
T4_BAG,Caerleon,2,2026-05-22T06:00:00,3,3693
T4_BAG,Caerleon,2,2026-05-22T08:00:00,1,5647
T4_BAG,Caerleon,2,2026-05-22T09:00:00,7,4179
T4_BAG,Caerleon,2,2026-05-22T10:00:00,5,5129
T4_BAG,Caerleon,2,2026-05-22T11:00:00,1,5643
T4_BAG,Caerleon,2,2026-05-22T12:00:00,5,4616
T4_BAG,Caerleon,2,2026-05-22T13:00:00,7,5277
T4_BAG,Caerleon,2,2026-05-22T14:00:00,7,4913
T4_BAG,Caerleon,2,2026-05-22T15:00:00,6,5216
T4_BAG,Caerleon,2,2026-05-22T16:00:00,6,5221
T4_BAG,Caerleon,2,2026-05-22T17:00:00,8,5327
T4_BAG,Caerleon,2,2026-05-22T18:00:00,10,5130
T4_BAG,Caerleon,2,2026-05-25T12:00:00,5,5162
T4_BAG,Caerleon,2,2026-05-25T13:00:00,5,5162
T4_BAG,Caerleon,2,2026-05-25T14:00:00,15,5501
T4_BAG,Caerleon,2,2026-05-25T15:00:00,6,3983
T4_BAG,Caerleon,2,2026-05-25T16:00:00,7,4947
T4_BAG,Caerleon,2,2026-05-25T17:00:00,8,5354
T4_BAG,Caerleon,2,2026-05-25T18:00:00,8,5033
T4_BAG,Caerleon,2,2026-05-25T19:00:00,8,5033
T4_BAG,Caerleon,2,2026-05-25T20:00:00,10,4828
T4_BAG,Caerleon,2,2026-05-25T21:00:00,15,5161
T4_BAG,Caerleon,2,2026-05-25T22:00:00,18,5104
T4_BAG,Caerleon,2,2026-05-25T23:00:00,13,4619
T4_BAG,Caerleon,2,2026-05-26T00:00:00,6,5246
T4_BAG,Fort Sterling,1,2026-05-19T23:00:00,12,3699
T4_BAG,Fort Sterling,1,2026-05-20T00:00:00,19,3561
T4_BAG,Fort Sterling,1,2026-05-20T01:00:00,4,3147
T4_BAG,Fort Sterling,1,2026-05-20T02:00:00,7,3235
T4_BAG,Fort Sterling,1,2026-05-20T03:00:00,10,3821
T4_BAG,Fort Sterling,1,2026-05-20T04:00:00,14,3250
T4_BAG,Fort Sterling,1,2026-05-20T05:00:00,14,3348
T4_BAG,Fort Sterling,1,2026-05-20T06:00:00,23,3258
T4_BAG,Fort Sterling,1,2026-05-20T07:00:00,24,3498
T4_BAG,Fort Sterling,1,2026-05-20T08:00:00,20,3739
T4_BAG,Fort Sterling,1,2026-05-20T09:00:00,33,3967
T4_BAG,Fort Sterling,1,2026-05-20T10:00:00,12,4287
T4_BAG,Fort Sterling,1,2026-05-20T11:00:00,34,4013
T4_BAG,Fort Sterling,1,2026-05-20T12:00:00,52,4084
T4_BAG,Fort Sterling,1,2026-05-20T13:00:00,55,4088
T4_BAG,Fort Sterling,1,2026-05-20T14:00:00,73,4204
T4_BAG,Fort Sterling,1,2026-05-20T15:00:00,25,3619
T4_BAG,Fort Sterling,1,2026-05-20T19:00:00,39,3684
T4_BAG,Fort Sterling,1,2026-05-20T20:00:00,31,3842
T4_BAG,Fort Sterling,1,2026-05-20T21:00:00,33,3857
T4_BAG,Fort Sterling,1,2026-05-20T22:00:00,42,4060
T4_BAG,Fort Sterling,1,2026-05-20T23:00:00,31,3880
T4_BAG,Fort Sterling,1,2026-05-21T00:00:00,11,3199
T4_BAG,Fort Sterling,1,2026-05-21T01:00:00,13,3564
T4_BAG,Fort Sterling,1,2026-05-21T02:00:00,10,3730
T4_BAG,Fort Sterling,1,2026-05-21T03:00:00,11,3544
T4_BAG,Fort Sterling,1,2026-05-21T04:00:00,6,3597
T4_BAG,Fort Sterling,1,2026-05-21T05:00:00,17,3318
T4_BAG,Fort Sterling,1,2026-05-21T06:00:00,25,3558
T4_BAG,Fort Sterling,1,2026-05-21T07:00:00,26,4410
T4_BAG,Fort Sterling,1,2026-05-21T08:00:00,25,3969
T4_BAG,Fort Sterling,1,2026-05-21T09:00:00,20,3819
T4_BAG,Fort Sterling,1,2026-05-21T10:00:00,21,4164
T4_BAG,Fort Sterling,1,2026-05-21T11:00:00,44,3984
T4_BAG,Fort Sterling,1,2026-05-21T12:00:00,50,3620
T4_BAG,Fort Sterling,1,2026-05-21T13:00:00,53,4249
T4_BAG,Fort Sterling,1,2026-05-21T14:00:00,66,3757
T4_BAG,Fort Sterling,1,2026-05-21T15:00:00,63,3921
T4_BAG,Fort Sterling,1,2026-05-21T16:00:00,40,3492
T4_BAG,Fort Sterling,1,2026-05-21T17:00:00,60,3905
T4_BAG,Fort Sterling,1,2026-05-21T18:00:00,68,4086
T4_BAG,Fort Sterling,1,2026-05-21T19:00:00,75,3884
T4_BAG,Fort Sterling,1,2026-05-21T20:00:00,31,3474
T4_BAG,Fort Sterling,1,2026-05-21T21:00:00,43,3503
T4_BAG,Fort Sterling,1,2026-05-21T22:00:00,24,3228
T4_BAG,Fort Sterling,1,2026-05-21T23:00:00,22,3639
T4_BAG,Fort Sterling,1,2026-05-22T00:00:00,16,4021
T4_BAG,Fort Sterling,1,2026-05-22T01:00:00,15,2939
T4_BAG,Fort Sterling,1,2026-05-22T02:00:00,10,3723
T4_BAG,Fort Sterling,1,2026-05-22T03:00:00,8,4237
T4_BAG,Fort Sterling,1,2026-05-22T04:00:00,12,3177
T4_BAG,Fort Sterling,1,2026-05-22T05:00:00,19,3552
T4_BAG,Fort Sterling,1,2026-05-22T06:00:00,52,3746
T4_BAG,Fort Sterling,1,2026-05-22T07:00:00,27,3542
T4_BAG,Fort Sterling,1,2026-05-22T08:00:00,26,3743
T4_BAG,Fort Sterling,1,2026-05-22T09:00:00,32,3548
T4_BAG,Fort Sterling,1,2026-05-22T10:00:00,11,3699
T4_BAG,Fort Sterling,1,2026-05-22T11:00:00,41,3647
T4_BAG,Fort Sterling,1,2026-05-22T12:00:00,61,3892
T4_BAG,Fort Sterling,1,2026-05-22T13:00:00,45,3573
T4_BAG,Fort Sterling,1,2026-05-22T14:00:00,96,3535
T4_BAG,Fort Sterling,1,2026-05-22T15:00:00,47,3653
T4_BAG,Fort Sterling,1,2026-05-22T16:00:00,47,3531
T4_BAG,Fort Sterling,1,2026-05-22T17:00:00,40,3608
T4_BAG,Fort Sterling,1,2026-05-22T18:00:00,44,3281
T4_BAG,Fort Sterling,1,2026-05-22T19:00:00,25,3711
T4_BAG,Fort Sterling,1,2026-05-23T14:00:00,54,3779
T4_BAG,Fort Sterling,1,2026-05-23T15:00:00,59,3955
T4_BAG,Fort Sterling,1,2026-05-23T16:00:00,35,3908
T4_BAG,Fort Sterling,1,2026-05-23T17:00:00,51,3417
T4_BAG,Fort Sterling,1,2026-05-23T18:00:00,76,4158
T4_BAG,Fort Sterling,1,2026-05-23T19:00:00,112,4317
T4_BAG,Fort Sterling,1,2026-05-23T20:00:00,80,4206
T4_BAG,Fort Sterling,1,2026-05-23T21:00:00,86,3767
T4_BAG,Fort Sterling,1,2026-05-23T22:00:00,73,4343
T4_BAG,Fort Sterling,1,2026-05-23T23:00:00,52,4213
T4_BAG,Fort Sterling,1,2026-05-24T00:00:00,23,3912
T4_BAG,Fort Sterling,1,2026-05-24T01:00:00,14,3680
T4_BAG,Fort Sterling,1,2026-05-24T02:00:00,21,3680
T4_BAG,Fort Sterling,1,2026-05-24T03:00:00,21,3467
T4_BAG,Fort Sterling,1,2026-05-24T04:00:00,20,3676
T4_BAG,Fort Sterling,1,2026-05-24T05:00:00,28,3732
T4_BAG,Fort Sterling,1,2026-05-24T06:00:00,32,3975
T4_BAG,Fort Sterling,1,2026-05-24T07:00:00,56,4160
T4_BAG,Fort Sterling,1,2026-05-24T08:00:00,40,4277
T4_BAG,Fort Sterling,1,2026-05-24T09:00:00,84,4068
T4_BAG,Fort Sterling,1,2026-05-24T10:00:00,36,4181
T4_BAG,Fort Sterling,1,2026-05-24T11:00:00,49,4009
T4_BAG,Fort Sterling,1,2026-05-24T12:00:00,36,3902
T4_BAG,Fort Sterling,1,2026-05-24T13:00:00,75,3705
T4_BAG,Fort Sterling,1,2026-05-24T14:00:00,46,4139
T4_BAG,Fort Sterling,1,2026-05-24T15:00:00,61,3939
T4_BAG,Fort Sterling,1,2026-05-24T16:00:00,47,3946
T4_BAG,Fort Sterling,1,2026-05-24T17:00:00,46,3628
T4_BAG,Fort Sterling,1,2026-05-24T18:00:00,46,3869
T4_BAG,Fort Sterling,1,2026-05-24T19:00:00,72,3919
T4_BAG,Fort Sterling,1,2026-05-24T20:00:00,81,4189
T4_BAG,Fort Sterling,1,2026-05-24T21:00:00,71,4148
T4_BAG,Fort Sterling,1,2026-05-24T22:00:00,31,3561
T4_BAG,Fort Sterling,1,2026-05-24T23:00:00,18,3759
T4_BAG,Fort Sterling,1,2026-05-25T00:00:00,21,4023
T4_BAG,Fort Sterling,1,2026-05-25T01:00:00,7,3600
T4_BAG,Fort Sterling,1,2026-05-25T02:00:00,8,4249
T4_BAG,Fort Sterling,1,2026-05-25T03:00:00,9,2889
T4_BAG,Fort Sterling,1,2026-05-25T04:00:00,10,2799
T4_BAG,Fort Sterling,1,2026-05-25T05:00:00,15,2799
T4_BAG,Fort Sterling,1,2026-05-25T06:00:00,28,2874
T4_BAG,Fort Sterling,1,2026-05-25T07:00:00,39,2895
T4_BAG,Fort Sterling,1,2026-05-25T08:00:00,29,3719
T4_BAG,Fort Sterling,1,2026-05-25T09:00:00,34,3857
T4_BAG,Fort Sterling,1,2026-05-25T10:00:00,18,3988
T4_BAG,Fort Sterling,1,2026-05-25T11:00:00,46,4239
T4_BAG,Fort Sterling,1,2026-05-25T12:00:00,88,4328
T4_BAG,Fort Sterling,1,2026-05-25T13:00:00,98,3741
T4_BAG,Fort Sterling,1,2026-05-25T14:00:00,35,3856
T4_BAG,Fort Sterling,1,2026-05-25T15:00:00,46,4030
T4_BAG,Fort Sterling,1,2026-05-25T16:00:00,40,3603
T4_BAG,Fort Sterling,1,2026-05-25T17:00:00,83,4260
T4_BAG,Fort Sterling,1,2026-05-25T18:00:00,58,3964
T4_BAG,Fort Sterling,1,2026-05-25T19:00:00,81,4186
T4_BAG,Fort Sterling,1,2026-05-25T20:00:00,57,4150
T4_BAG,Fort Sterling,1,2026-05-25T21:00:00,91,4124
T4_BAG,Fort Sterling,1,2026-05-25T22:00:00,47,4211
T4_BAG,Fort Sterling,1,2026-05-25T23:00:00,33,4068
T4_BAG,Fort Sterling,1,2026-05-26T00:00:00,26,4169
T4_BAG,Fort Sterling,2,2026-05-19T23:00:00,35,3807
T4_BAG,Fort Sterling,2,2026-05-20T00:00:00,22,3799
T4_BAG,Fort Sterling,2,2026-05-20T01:00:00,18,4475
T4_BAG,Fort Sterling,2,2026-05-20T02:00:00,8,3414
T4_BAG,Fort Sterling,2,2026-05-20T03:00:00,14,3715
T4_BAG,Fort Sterling,2,2026-05-20T04:00:00,15,3483
T4_BAG,Fort Sterling,2,2026-05-20T05:00:00,7,2958
T4_BAG,Fort Sterling,2,2026-05-20T06:00:00,10,3622
T4_BAG,Fort Sterling,2,2026-05-20T07:00:00,35,3981
T4_BAG,Fort Sterling,2,2026-05-20T08:00:00,33,3970
T4_BAG,Fort Sterling,2,2026-05-20T09:00:00,30,4187
T4_BAG,Fort Sterling,2,2026-05-20T10:00:00,51,4173
T4_BAG,Fort Sterling,2,2026-05-20T11:00:00,82,4232
T4_BAG,Fort Sterling,2,2026-05-20T12:00:00,66,3762
T4_BAG,Fort Sterling,2,2026-05-20T13:00:00,77,4069
T4_BAG,Fort Sterling,2,2026-05-20T14:00:00,77,4026
T4_BAG,Fort Sterling,2,2026-05-20T15:00:00,138,4452
T4_BAG,Fort Sterling,2,2026-05-20T16:00:00,111,4032
T4_BAG,Fort Sterling,2,2026-05-20T17:00:00,140,4114
T4_BAG,Fort Sterling,2,2026-05-20T18:00:00,169,4302
T4_BAG,Fort Sterling,2,2026-05-20T19:00:00,144,4197
T4_BAG,Fort Sterling,2,2026-05-20T20:00:00,100,4251
T4_BAG,Fort Sterling,2,2026-05-21T14:00:00,64,4237
T4_BAG,Fort Sterling,2,2026-05-21T15:00:00,84,4039
T4_BAG,Fort Sterling,2,2026-05-21T16:00:00,102,4187
T4_BAG,Fort Sterling,2,2026-05-21T17:00:00,74,4087
T4_BAG,Fort Sterling,2,2026-05-21T18:00:00,118,3880
T4_BAG,Fort Sterling,2,2026-05-21T19:00:00,93,3815
T4_BAG,Fort Sterling,2,2026-05-21T20:00:00,201,4147
T4_BAG,Fort Sterling,2,2026-05-21T21:00:00,106,3910
T4_BAG,Fort Sterling,2,2026-05-21T22:00:00,71,3865
T4_BAG,Fort Sterling,2,2026-05-21T23:00:00,45,3482
T4_BAG,Fort Sterling,2,2026-05-22T00:00:00,29,4115
T4_BAG,Fort Sterling,2,2026-05-22T01:00:00,14,2942
T4_BAG,Fort Sterling,2,2026-05-22T02:00:00,17,3711
T4_BAG,Fort Sterling,2,2026-05-22T03:00:00,9,2825
T4_BAG,Fort Sterling,2,2026-05-22T04:00:00,7,2680
T4_BAG,Fort Sterling,2,2026-05-22T05:00:00,14,3847
T4_BAG,Fort Sterling,2,2026-05-22T06:00:00,33,4009
T4_BAG,Fort Sterling,2,2026-05-22T07:00:00,13,3962
T4_BAG,Fort Sterling,2,2026-05-22T08:00:00,28,3852
T4_BAG,Fort Sterling,2,2026-05-22T09:00:00,50,3686
T4_BAG,Fort Sterling,2,2026-05-22T10:00:00,29,3959
T4_BAG,Fort Sterling,2,2026-05-22T11:00:00,73,3934
T4_BAG,Fort Sterling,2,2026-05-22T12:00:00,67,3799
T4_BAG,Fort Sterling,2,2026-05-22T13:00:00,65,3979
T4_BAG,Fort Sterling,2,2026-05-22T14:00:00,83,3623
T4_BAG,Fort Sterling,2,2026-05-22T15:00:00,89,3794
T4_BAG,Fort Sterling,2,2026-05-22T16:00:00,82,3996
T4_BAG,Fort Sterling,2,2026-05-22T17:00:00,81,3689
T4_BAG,Fort Sterling,2,2026-05-23T18:00:00,125,4102
T4_BAG,Fort Sterling,2,2026-05-23T19:00:00,99,4159
T4_BAG,Fort Sterling,2,2026-05-23T20:00:00,64,4032
T4_BAG,Fort Sterling,2,2026-05-23T21:00:00,89,3827
T4_BAG,Fort Sterling,2,2026-05-23T22:00:00,61,3866
T4_BAG,Fort Sterling,2,2026-05-23T23:00:00,44,4005
T4_BAG,Fort Sterling,2,2026-05-24T00:00:00,37,3897
T4_BAG,Fort Sterling,2,2026-05-24T01:00:00,32,3531
T4_BAG,Fort Sterling,2,2026-05-24T02:00:00,467,4563
T4_BAG,Fort Sterling,2,2026-05-24T03:00:00,18,3783
T4_BAG,Fort Sterling,2,2026-05-24T04:00:00,11,3627
T4_BAG,Fort Sterling,2,2026-05-24T05:00:00,19,3966
T4_BAG,Fort Sterling,2,2026-05-24T06:00:00,24,3700
T4_BAG,Fort Sterling,2,2026-05-24T07:00:00,23,3935
T4_BAG,Fort Sterling,2,2026-05-24T08:00:00,46,4077
T4_BAG,Fort Sterling,2,2026-05-24T09:00:00,66,4127
T4_BAG,Fort Sterling,2,2026-05-24T10:00:00,41,3985
T4_BAG,Fort Sterling,2,2026-05-24T11:00:00,94,4046
T4_BAG,Fort Sterling,2,2026-05-24T12:00:00,136,4189
T4_BAG,Fort Sterling,2,2026-05-24T13:00:00,101,4257
T4_BAG,Fort Sterling,2,2026-05-24T14:00:00,108,4042
T4_BAG,Fort Sterling,2,2026-05-24T15:00:00,141,4135
T4_BAG,Fort Sterling,2,2026-05-24T16:00:00,96,4046
T4_BAG,Fort Sterling,2,2026-05-24T17:00:00,115,4367
T4_BAG,Fort Sterling,2,2026-05-24T18:00:00,170,4345
T4_BAG,Fort Sterling,2,2026-05-24T19:00:00,210,4230
T4_BAG,Fort Sterling,2,2026-05-24T20:00:00,85,4121
T4_BAG,Fort Sterling,2,2026-05-24T21:00:00,98,3826
T4_BAG,Fort Sterling,2,2026-05-24T22:00:00,115,4300
T4_BAG,Fort Sterling,2,2026-05-24T23:00:00,106,4210
T4_BAG,Fort Sterling,2,2026-05-25T00:00:00,39,3538
T4_BAG,Fort Sterling,2,2026-05-25T01:00:00,29,3661
T4_BAG,Fort Sterling,2,2026-05-25T02:00:00,16,3887
T4_BAG,Fort Sterling,2,2026-05-25T03:00:00,14,3396
T4_BAG,Fort Sterling,2,2026-05-25T04:00:00,16,2748
T4_BAG,Fort Sterling,2,2026-05-25T05:00:00,10,2749
T4_BAG,Fort Sterling,2,2026-05-25T06:00:00,25,2899
T4_BAG,Fort Sterling,2,2026-05-25T07:00:00,30,3390
T4_BAG,Fort Sterling,2,2026-05-25T08:00:00,51,4145
T4_BAG,Fort Sterling,2,2026-05-25T09:00:00,401,4493
T4_BAG,Fort Sterling,2,2026-05-25T10:00:00,42,4414
T4_BAG,Fort Sterling,2,2026-05-25T11:00:00,111,4153
T4_BAG,Fort Sterling,2,2026-05-25T12:00:00,70,4133
T4_BAG,Fort Sterling,2,2026-05-25T13:00:00,92,4182
T4_BAG,Fort Sterling,2,2026-05-25T14:00:00,124,4237
T4_BAG,Fort Sterling,2,2026-05-25T15:00:00,93,4083
T4_BAG,Fort Sterling,2,2026-05-25T16:00:00,107,4252
T4_BAG,Fort Sterling,2,2026-05-25T17:00:00,89,4149
T4_BAG,Fort Sterling,2,2026-05-25T18:00:00,126,4076
T4_BAG,Fort Sterling,2,2026-05-25T19:00:00,123,4289
T4_BAG,Fort Sterling,2,2026-05-25T20:00:00,63,4172
T4_BAG,Fort Sterling,3,2026-05-21T14:00:00,27,4615
T4_BAG,Fort Sterling,3,2026-05-21T15:00:00,36,4210
T4_BAG,Fort Sterling,3,2026-05-21T16:00:00,19,4343
T4_BAG,Fort Sterling,3,2026-05-21T17:00:00,26,4413
T4_BAG,Fort Sterling,3,2026-05-21T18:00:00,38,4304
T4_BAG,Fort Sterling,3,2026-05-21T19:00:00,39,4382
T4_BAG,Fort Sterling,3,2026-05-21T20:00:00,35,4227
T4_BAG,Fort Sterling,3,2026-05-21T21:00:00,22,3877
T4_BAG,Fort Sterling,3,2026-05-21T22:00:00,10,3654
T4_BAG,Fort Sterling,3,2026-05-21T23:00:00,18,3830
T4_BAG,Fort Sterling,3,2026-05-22T00:00:00,5,4887
T4_BAG,Fort Sterling,3,2026-05-22T01:00:00,5,3539
T4_BAG,Fort Sterling,3,2026-05-22T02:00:00,3,4065
T4_BAG,Fort Sterling,3,2026-05-22T03:00:00,1,2421
T4_BAG,Fort Sterling,3,2026-05-22T04:00:00,1,4887
T4_BAG,Fort Sterling,3,2026-05-22T05:00:00,5,4929
T4_BAG,Fort Sterling,3,2026-05-22T06:00:00,5,3900
T4_BAG,Fort Sterling,3,2026-05-22T07:00:00,6,3218
T4_BAG,Fort Sterling,3,2026-05-22T08:00:00,5,3845
T4_BAG,Fort Sterling,3,2026-05-22T09:00:00,9,3993
T4_BAG,Fort Sterling,3,2026-05-22T10:00:00,1,4783
T4_BAG,Fort Sterling,3,2026-05-22T11:00:00,21,4558
T4_BAG,Fort Sterling,3,2026-05-22T12:00:00,25,4266
T4_BAG,Fort Sterling,3,2026-05-22T13:00:00,50,4501
T4_BAG,Fort Sterling,3,2026-05-22T14:00:00,13,4444
T4_BAG,Fort Sterling,3,2026-05-23T12:00:00,22,4118
T4_BAG,Fort Sterling,3,2026-05-23T13:00:00,24,4091
T4_BAG,Fort Sterling,3,2026-05-23T14:00:00,106,4692
T4_BAG,Fort Sterling,3,2026-05-23T15:00:00,20,4608
T4_BAG,Fort Sterling,3,2026-05-23T16:00:00,22,4594
T4_BAG,Fort Sterling,3,2026-05-23T17:00:00,26,4386
T4_BAG,Fort Sterling,3,2026-05-23T18:00:00,32,4537
T4_BAG,Fort Sterling,3,2026-05-23T19:00:00,24,4419
T4_BAG,Fort Sterling,3,2026-05-23T20:00:00,16,4306
T4_BAG,Fort Sterling,3,2026-05-23T21:00:00,35,3562
T4_BAG,Fort Sterling,3,2026-05-23T22:00:00,29,4513
T4_BAG,Fort Sterling,3,2026-05-23T23:00:00,6,4488
T4_BAG,Fort Sterling,3,2026-05-24T00:00:00,11,4237
T4_BAG,Fort Sterling,3,2026-05-24T01:00:00,10,4413
T4_BAG,Fort Sterling,3,2026-05-24T02:00:00,5,4414
T4_BAG,Fort Sterling,3,2026-05-24T03:00:00,6,4890
T4_BAG,Fort Sterling,3,2026-05-24T04:00:00,5,3935
T4_BAG,Fort Sterling,3,2026-05-24T05:00:00,7,3867
T4_BAG,Fort Sterling,3,2026-05-24T06:00:00,67,4856
T4_BAG,Fort Sterling,3,2026-05-24T07:00:00,11,4021
T4_BAG,Fort Sterling,3,2026-05-24T08:00:00,14,4225
T4_BAG,Fort Sterling,3,2026-05-24T09:00:00,25,4385
T4_BAG,Fort Sterling,3,2026-05-24T10:00:00,11,4057
T4_BAG,Fort Sterling,3,2026-05-24T11:00:00,12,4688
T4_BAG,Fort Sterling,3,2026-05-24T12:00:00,21,4670
T4_BAG,Fort Sterling,3,2026-05-24T13:00:00,23,4371
T4_BAG,Fort Sterling,3,2026-05-24T14:00:00,10,4379
T4_BAG,Fort Sterling,3,2026-05-24T15:00:00,27,4460
T4_BAG,Fort Sterling,3,2026-05-24T16:00:00,23,4574
T4_BAG,Fort Sterling,3,2026-05-24T17:00:00,15,3420
T4_BAG,Fort Sterling,3,2026-05-24T18:00:00,20,4659
T4_BAG,Fort Sterling,3,2026-05-24T19:00:00,34,4571
T4_BAG,Fort Sterling,3,2026-05-24T20:00:00,41,4167
T4_BAG,Fort Sterling,3,2026-05-24T21:00:00,59,4543
T4_BAG,Fort Sterling,3,2026-05-24T22:00:00,11,4272
T4_BAG,Fort Sterling,3,2026-05-24T23:00:00,17,4094
T4_BAG,Fort Sterling,3,2026-05-25T00:00:00,13,4705
T4_BAG,Fort Sterling,3,2026-05-25T01:00:00,13,3801
T4_BAG,Fort Sterling,3,2026-05-25T02:00:00,4,3094
T4_BAG,Fort Sterling,3,2026-05-25T03:00:00,5,4025
T4_BAG,Fort Sterling,3,2026-05-25T04:00:00,3,2667
T4_BAG,Fort Sterling,3,2026-05-25T05:00:00,9,3402
T4_BAG,Fort Sterling,3,2026-05-25T06:00:00,12,3490
T4_BAG,Fort Sterling,3,2026-05-25T07:00:00,8,4110
T4_BAG,Fort Sterling,3,2026-05-25T08:00:00,19,4100
T4_BAG,Fort Sterling,3,2026-05-25T09:00:00,15,3100
T4_BAG,Fort Sterling,3,2026-05-25T10:00:00,7,4069
T4_BAG,Fort Sterling,3,2026-05-25T11:00:00,28,3998
T4_BAG,Fort Sterling,3,2026-05-25T12:00:00,28,3692
T4_BAG,Fort Sterling,3,2026-05-25T13:00:00,17,3692
T4_BAG,Fort Sterling,3,2026-05-25T14:00:00,21,3680
T4_BAG,Fort Sterling,3,2026-05-25T15:00:00,22,4157
T4_BAG,Fort Sterling,3,2026-05-25T16:00:00,17,3808
T4_BAG,Fort Sterling,3,2026-05-25T17:00:00,30,3754
T4_BAG,Fort Sterling,3,2026-05-25T18:00:00,35,4287
T4_BAG,Fort Sterling,3,2026-05-25T19:00:00,9,3506
T4_BAG,Lymhurst,1,2026-05-19T23:00:00,41,3091
T4_BAG,Lymhurst,1,2026-05-20T00:00:00,92,2302
T4_BAG,Lymhurst,1,2026-05-20T01:00:00,65,3364
T4_BAG,Lymhurst,1,2026-05-20T02:00:00,14,2911
T4_BAG,Lymhurst,1,2026-05-20T03:00:00,20,3082
T4_BAG,Lymhurst,1,2026-05-20T04:00:00,24,3093
T4_BAG,Lymhurst,1,2026-05-20T05:00:00,18,3262
T4_BAG,Lymhurst,1,2026-05-20T06:00:00,16,3149
T4_BAG,Lymhurst,1,2026-05-20T07:00:00,37,3192
T4_BAG,Lymhurst,1,2026-05-20T08:00:00,59,3050
T4_BAG,Lymhurst,1,2026-05-20T09:00:00,40,3109
T4_BAG,Lymhurst,1,2026-05-20T10:00:00,27,2877
T4_BAG,Lymhurst,1,2026-05-20T11:00:00,43,3052
T4_BAG,Lymhurst,1,2026-05-20T12:00:00,64,3096
T4_BAG,Lymhurst,1,2026-05-20T13:00:00,126,2942
T4_BAG,Lymhurst,1,2026-05-20T14:00:00,106,3270
T4_BAG,Lymhurst,1,2026-05-20T15:00:00,153,3214
T4_BAG,Lymhurst,1,2026-05-20T16:00:00,59,2945
T4_BAG,Lymhurst,1,2026-05-20T17:00:00,142,3270
T4_BAG,Lymhurst,1,2026-05-20T18:00:00,127,3115
T4_BAG,Lymhurst,1,2026-05-20T19:00:00,135,3142
T4_BAG,Lymhurst,1,2026-05-20T20:00:00,261,3285
T4_BAG,Lymhurst,1,2026-05-20T21:00:00,96,3167
T4_BAG,Lymhurst,1,2026-05-20T22:00:00,58,3200
T4_BAG,Lymhurst,1,2026-05-20T23:00:00,83,2929
T4_BAG,Lymhurst,1,2026-05-21T00:00:00,33,3000
T4_BAG,Lymhurst,1,2026-05-21T01:00:00,16,2897
T4_BAG,Lymhurst,1,2026-05-21T02:00:00,20,2783
T4_BAG,Lymhurst,1,2026-05-21T03:00:00,24,3024
T4_BAG,Lymhurst,1,2026-05-21T04:00:00,27,2889
T4_BAG,Lymhurst,1,2026-05-21T05:00:00,32,2529
T4_BAG,Lymhurst,1,2026-05-21T06:00:00,51,2919
T4_BAG,Lymhurst,1,2026-05-21T07:00:00,58,2920
T4_BAG,Lymhurst,1,2026-05-21T08:00:00,91,2995
T4_BAG,Lymhurst,1,2026-05-21T09:00:00,104,2918
T4_BAG,Lymhurst,1,2026-05-21T10:00:00,81,2901
T4_BAG,Lymhurst,1,2026-05-21T11:00:00,91,3053
T4_BAG,Lymhurst,1,2026-05-21T12:00:00,119,3095
T4_BAG,Lymhurst,1,2026-05-21T13:00:00,158,3083
T4_BAG,Lymhurst,1,2026-05-21T14:00:00,111,3135
T4_BAG,Lymhurst,1,2026-05-21T15:00:00,124,3175
T4_BAG,Lymhurst,1,2026-05-21T16:00:00,100,2945
T4_BAG,Lymhurst,1,2026-05-21T17:00:00,144,3124
T4_BAG,Lymhurst,1,2026-05-21T18:00:00,213,3186
T4_BAG,Lymhurst,1,2026-05-21T19:00:00,197,3183
T4_BAG,Lymhurst,1,2026-05-21T20:00:00,159,3121
T4_BAG,Lymhurst,1,2026-05-21T21:00:00,110,2909
T4_BAG,Lymhurst,1,2026-05-21T22:00:00,76,3011
T4_BAG,Lymhurst,1,2026-05-21T23:00:00,145,3054
T4_BAG,Lymhurst,1,2026-05-22T00:00:00,19,3042
T4_BAG,Lymhurst,1,2026-05-22T01:00:00,27,2930
T4_BAG,Lymhurst,1,2026-05-22T02:00:00,14,2827
T4_BAG,Lymhurst,1,2026-05-22T03:00:00,20,2878
T4_BAG,Lymhurst,1,2026-05-22T04:00:00,22,2680
T4_BAG,Lymhurst,1,2026-05-22T05:00:00,27,2826
T4_BAG,Lymhurst,1,2026-05-22T06:00:00,79,2993
T4_BAG,Lymhurst,1,2026-05-22T07:00:00,53,2889
T4_BAG,Lymhurst,1,2026-05-22T08:00:00,69,2706
T4_BAG,Lymhurst,1,2026-05-22T09:00:00,94,2904
T4_BAG,Lymhurst,1,2026-05-22T10:00:00,96,2914
T4_BAG,Lymhurst,1,2026-05-22T11:00:00,136,2897
T4_BAG,Lymhurst,1,2026-05-22T12:00:00,115,2876
T4_BAG,Lymhurst,1,2026-05-22T13:00:00,102,3110
T4_BAG,Lymhurst,1,2026-05-22T14:00:00,107,3019
T4_BAG,Lymhurst,1,2026-05-22T15:00:00,113,3040
T4_BAG,Lymhurst,1,2026-05-22T16:00:00,100,2847
T4_BAG,Lymhurst,1,2026-05-22T17:00:00,89,3039
T4_BAG,Lymhurst,1,2026-05-22T18:00:00,79,3022
T4_BAG,Lymhurst,1,2026-05-22T19:00:00,81,2907
T4_BAG,Lymhurst,1,2026-05-22T20:00:00,66,2894
T4_BAG,Lymhurst,1,2026-05-22T21:00:00,71,3075
T4_BAG,Lymhurst,1,2026-05-22T22:00:00,88,3136
T4_BAG,Lymhurst,1,2026-05-22T23:00:00,55,2984
T4_BAG,Lymhurst,1,2026-05-23T00:00:00,45,2971
T4_BAG,Lymhurst,1,2026-05-23T01:00:00,33,3124
T4_BAG,Lymhurst,1,2026-05-23T02:00:00,27,3018
T4_BAG,Lymhurst,1,2026-05-23T03:00:00,17,3123
T4_BAG,Lymhurst,1,2026-05-23T04:00:00,31,3091
T4_BAG,Lymhurst,1,2026-05-23T05:00:00,15,3184
T4_BAG,Lymhurst,1,2026-05-23T06:00:00,39,2742
T4_BAG,Lymhurst,1,2026-05-23T07:00:00,58,3073
T4_BAG,Lymhurst,1,2026-05-23T08:00:00,118,3156
T4_BAG,Lymhurst,1,2026-05-23T09:00:00,196,3131
T4_BAG,Lymhurst,1,2026-05-23T10:00:00,91,3094
T4_BAG,Lymhurst,1,2026-05-23T11:00:00,113,2984
T4_BAG,Lymhurst,1,2026-05-23T12:00:00,217,3138
T4_BAG,Lymhurst,1,2026-05-23T13:00:00,125,3001
T4_BAG,Lymhurst,1,2026-05-23T14:00:00,173,2814
T4_BAG,Lymhurst,1,2026-05-23T15:00:00,158,2960
T4_BAG,Lymhurst,1,2026-05-23T16:00:00,76,3035
T4_BAG,Lymhurst,1,2026-05-23T17:00:00,134,3034
T4_BAG,Lymhurst,1,2026-05-23T18:00:00,103,2998
T4_BAG,Lymhurst,1,2026-05-23T19:00:00,97,3166
T4_BAG,Lymhurst,1,2026-05-23T20:00:00,138,3101
T4_BAG,Lymhurst,1,2026-05-23T21:00:00,115,3039
T4_BAG,Lymhurst,1,2026-05-23T22:00:00,108,3130
T4_BAG,Lymhurst,1,2026-05-23T23:00:00,77,3066
T4_BAG,Lymhurst,1,2026-05-24T00:00:00,41,2983
T4_BAG,Lymhurst,1,2026-05-24T01:00:00,29,3024
T4_BAG,Lymhurst,1,2026-05-24T02:00:00,41,3004
T4_BAG,Lymhurst,1,2026-05-24T03:00:00,29,2807
T4_BAG,Lymhurst,1,2026-05-24T04:00:00,19,2723
T4_BAG,Lymhurst,1,2026-05-24T05:00:00,30,2827
T4_BAG,Lymhurst,1,2026-05-24T06:00:00,48,3171
T4_BAG,Lymhurst,1,2026-05-24T07:00:00,84,3210
T4_BAG,Lymhurst,1,2026-05-24T08:00:00,103,3125
T4_BAG,Lymhurst,1,2026-05-24T09:00:00,136,3182
T4_BAG,Lymhurst,1,2026-05-24T10:00:00,64,3105
T4_BAG,Lymhurst,1,2026-05-24T11:00:00,70,2907
T4_BAG,Lymhurst,1,2026-05-24T12:00:00,179,3020
T4_BAG,Lymhurst,1,2026-05-24T13:00:00,91,3043
T4_BAG,Lymhurst,1,2026-05-24T14:00:00,97,3062
T4_BAG,Lymhurst,1,2026-05-24T15:00:00,100,3049
T4_BAG,Lymhurst,1,2026-05-24T16:00:00,117,3089
T4_BAG,Lymhurst,1,2026-05-24T17:00:00,105,3176
T4_BAG,Lymhurst,1,2026-05-24T18:00:00,86,3147
T4_BAG,Lymhurst,1,2026-05-24T19:00:00,85,3096
T4_BAG,Lymhurst,1,2026-05-24T20:00:00,96,3112
T4_BAG,Lymhurst,1,2026-05-24T21:00:00,215,3021
T4_BAG,Lymhurst,1,2026-05-24T22:00:00,69,3102
T4_BAG,Lymhurst,1,2026-05-24T23:00:00,81,3155
T4_BAG,Lymhurst,1,2026-05-25T00:00:00,42,3220
T4_BAG,Lymhurst,1,2026-05-25T01:00:00,28,3059
T4_BAG,Lymhurst,1,2026-05-25T02:00:00,22,3026
T4_BAG,Lymhurst,1,2026-05-25T03:00:00,16,2778
T4_BAG,Lymhurst,1,2026-05-25T04:00:00,19,3079
T4_BAG,Lymhurst,1,2026-05-25T05:00:00,42,2972
T4_BAG,Lymhurst,1,2026-05-25T06:00:00,35,3087
T4_BAG,Lymhurst,1,2026-05-25T07:00:00,48,3021
T4_BAG,Lymhurst,1,2026-05-25T08:00:00,92,3149
T4_BAG,Lymhurst,1,2026-05-25T09:00:00,95,3037
T4_BAG,Lymhurst,1,2026-05-25T10:00:00,41,3233
T4_BAG,Lymhurst,1,2026-05-25T11:00:00,102,3098
T4_BAG,Lymhurst,1,2026-05-25T12:00:00,171,2691
T4_BAG,Lymhurst,1,2026-05-25T13:00:00,120,3135
T4_BAG,Lymhurst,1,2026-05-25T14:00:00,167,3142
T4_BAG,Lymhurst,1,2026-05-25T15:00:00,150,3151
T4_BAG,Lymhurst,1,2026-05-25T16:00:00,110,3146
T4_BAG,Lymhurst,1,2026-05-25T17:00:00,158,3143
T4_BAG,Lymhurst,1,2026-05-25T18:00:00,191,3193
T4_BAG,Lymhurst,1,2026-05-25T19:00:00,226,3189
T4_BAG,Lymhurst,1,2026-05-25T20:00:00,250,2872
T4_BAG,Lymhurst,1,2026-05-25T21:00:00,125,3151
T4_BAG,Lymhurst,1,2026-05-25T22:00:00,111,3072
T4_BAG,Lymhurst,1,2026-05-25T23:00:00,43,3141
T4_BAG,Lymhurst,1,2026-05-26T00:00:00,24,3167
T4_BAG,Lymhurst,2,2026-05-19T23:00:00,111,3187
T4_BAG,Lymhurst,2,2026-05-20T00:00:00,86,2736
T4_BAG,Lymhurst,2,2026-05-20T01:00:00,62,3267
T4_BAG,Lymhurst,2,2026-05-20T02:00:00,38,3083
T4_BAG,Lymhurst,2,2026-05-20T03:00:00,20,3110
T4_BAG,Lymhurst,2,2026-05-20T04:00:00,18,3112
T4_BAG,Lymhurst,2,2026-05-20T05:00:00,24,2924
T4_BAG,Lymhurst,2,2026-05-20T06:00:00,47,3083
T4_BAG,Lymhurst,2,2026-05-20T07:00:00,36,2998
T4_BAG,Lymhurst,2,2026-05-20T08:00:00,68,2943
T4_BAG,Lymhurst,2,2026-05-20T09:00:00,97,3309
T4_BAG,Lymhurst,2,2026-05-20T10:00:00,87,3141
T4_BAG,Lymhurst,2,2026-05-20T11:00:00,133,3138
T4_BAG,Lymhurst,2,2026-05-20T12:00:00,209,3184
T4_BAG,Lymhurst,2,2026-05-20T13:00:00,200,3211
T4_BAG,Lymhurst,2,2026-05-20T14:00:00,168,3170
T4_BAG,Lymhurst,2,2026-05-20T15:00:00,185,3218
T4_BAG,Lymhurst,2,2026-05-20T16:00:00,351,3253
T4_BAG,Lymhurst,2,2026-05-20T17:00:00,215,3194
T4_BAG,Lymhurst,2,2026-05-20T18:00:00,257,3192
T4_BAG,Lymhurst,2,2026-05-20T19:00:00,249,3269
T4_BAG,Lymhurst,2,2026-05-20T20:00:00,136,3090
T4_BAG,Lymhurst,2,2026-05-20T22:00:00,113,3223
T4_BAG,Lymhurst,2,2026-05-20T23:00:00,73,3100
T4_BAG,Lymhurst,2,2026-05-21T00:00:00,59,2938
T4_BAG,Lymhurst,2,2026-05-21T01:00:00,31,2902
T4_BAG,Lymhurst,2,2026-05-21T02:00:00,18,2900
T4_BAG,Lymhurst,2,2026-05-21T03:00:00,12,2878
T4_BAG,Lymhurst,2,2026-05-21T04:00:00,11,2588
T4_BAG,Lymhurst,2,2026-05-21T05:00:00,22,2560
T4_BAG,Lymhurst,2,2026-05-21T06:00:00,50,3259
T4_BAG,Lymhurst,2,2026-05-21T07:00:00,35,2824
T4_BAG,Lymhurst,2,2026-05-21T08:00:00,59,2852
T4_BAG,Lymhurst,2,2026-05-21T09:00:00,51,2833
T4_BAG,Lymhurst,2,2026-05-21T10:00:00,46,2980
T4_BAG,Lymhurst,2,2026-05-21T11:00:00,116,3142
T4_BAG,Lymhurst,2,2026-05-21T12:00:00,100,3054
T4_BAG,Lymhurst,2,2026-05-21T13:00:00,255,3259
T4_BAG,Lymhurst,2,2026-05-21T14:00:00,153,3272
T4_BAG,Lymhurst,2,2026-05-21T15:00:00,155,3128
T4_BAG,Lymhurst,2,2026-05-21T16:00:00,202,3072
T4_BAG,Lymhurst,2,2026-05-21T17:00:00,237,3081
T4_BAG,Lymhurst,2,2026-05-21T18:00:00,194,3165
T4_BAG,Lymhurst,2,2026-05-21T19:00:00,192,3143
T4_BAG,Lymhurst,2,2026-05-21T20:00:00,183,3113
T4_BAG,Lymhurst,2,2026-05-21T21:00:00,179,3023
T4_BAG,Lymhurst,2,2026-05-21T22:00:00,119,3042
T4_BAG,Lymhurst,2,2026-05-21T23:00:00,82,2891
T4_BAG,Lymhurst,2,2026-05-22T00:00:00,61,3040
T4_BAG,Lymhurst,2,2026-05-22T01:00:00,38,3086
T4_BAG,Lymhurst,2,2026-05-22T02:00:00,26,2754
T4_BAG,Lymhurst,2,2026-05-22T03:00:00,10,2702
T4_BAG,Lymhurst,2,2026-05-22T04:00:00,14,2926
T4_BAG,Lymhurst,2,2026-05-22T05:00:00,24,2850
T4_BAG,Lymhurst,2,2026-05-22T06:00:00,584,3317
T4_BAG,Lymhurst,2,2026-05-22T07:00:00,56,2808
T4_BAG,Lymhurst,2,2026-05-22T08:00:00,104,2948
T4_BAG,Lymhurst,2,2026-05-22T09:00:00,76,2890
T4_BAG,Lymhurst,2,2026-05-22T10:00:00,28,2714
T4_BAG,Lymhurst,2,2026-05-22T11:00:00,89,2832
T4_BAG,Lymhurst,2,2026-05-22T12:00:00,134,2994
T4_BAG,Lymhurst,2,2026-05-22T13:00:00,150,3040
T4_BAG,Lymhurst,2,2026-05-22T14:00:00,154,2942
T4_BAG,Lymhurst,2,2026-05-22T15:00:00,168,3092
T4_BAG,Lymhurst,2,2026-05-22T16:00:00,198,3053
T4_BAG,Lymhurst,2,2026-05-22T17:00:00,269,3100
T4_BAG,Lymhurst,2,2026-05-22T18:00:00,371,2920
T4_BAG,Lymhurst,2,2026-05-22T19:00:00,327,2915
T4_BAG,Lymhurst,2,2026-05-22T20:00:00,338,2963
T4_BAG,Lymhurst,2,2026-05-22T21:00:00,294,3206
T4_BAG,Lymhurst,2,2026-05-22T22:00:00,196,3100
T4_BAG,Lymhurst,2,2026-05-22T23:00:00,151,3098
T4_BAG,Lymhurst,2,2026-05-23T00:00:00,63,3030
T4_BAG,Lymhurst,2,2026-05-23T01:00:00,45,3069
T4_BAG,Lymhurst,2,2026-05-23T02:00:00,30,2948
T4_BAG,Lymhurst,2,2026-05-23T03:00:00,26,3123
T4_BAG,Lymhurst,2,2026-05-23T04:00:00,20,2785
T4_BAG,Lymhurst,2,2026-05-23T05:00:00,26,2912
T4_BAG,Lymhurst,2,2026-05-23T06:00:00,119,3213
T4_BAG,Lymhurst,2,2026-05-23T07:00:00,81,3027
T4_BAG,Lymhurst,2,2026-05-23T08:00:00,92,3027
T4_BAG,Lymhurst,2,2026-05-23T09:00:00,108,2989
T4_BAG,Lymhurst,2,2026-05-23T10:00:00,89,3036
T4_BAG,Lymhurst,2,2026-05-23T11:00:00,223,3094
T4_BAG,Lymhurst,2,2026-05-23T12:00:00,149,3048
T4_BAG,Lymhurst,2,2026-05-23T13:00:00,143,2920
T4_BAG,Lymhurst,2,2026-05-23T14:00:00,115,2829
T4_BAG,Lymhurst,2,2026-05-23T15:00:00,158,2972
T4_BAG,Lymhurst,2,2026-05-23T16:00:00,295,3067
T4_BAG,Lymhurst,2,2026-05-23T17:00:00,237,3081
T4_BAG,Lymhurst,2,2026-05-23T18:00:00,222,3215
T4_BAG,Lymhurst,2,2026-05-23T19:00:00,226,3141
T4_BAG,Lymhurst,2,2026-05-23T20:00:00,2708,3366
T4_BAG,Lymhurst,2,2026-05-23T21:00:00,238,3111
T4_BAG,Lymhurst,2,2026-05-23T22:00:00,177,3173
T4_BAG,Lymhurst,2,2026-05-23T23:00:00,136,3154
T4_BAG,Lymhurst,2,2026-05-24T00:00:00,65,2890
T4_BAG,Lymhurst,2,2026-05-24T01:00:00,58,3104
T4_BAG,Lymhurst,2,2026-05-24T02:00:00,21,3091
T4_BAG,Lymhurst,2,2026-05-24T03:00:00,28,2863
T4_BAG,Lymhurst,2,2026-05-24T04:00:00,15,2687
T4_BAG,Lymhurst,2,2026-05-24T05:00:00,23,2795
T4_BAG,Lymhurst,2,2026-05-24T06:00:00,31,3050
T4_BAG,Lymhurst,2,2026-05-24T07:00:00,46,2931
T4_BAG,Lymhurst,2,2026-05-24T08:00:00,64,2997
T4_BAG,Lymhurst,2,2026-05-24T09:00:00,80,2943
T4_BAG,Lymhurst,2,2026-05-24T10:00:00,102,3166
T4_BAG,Lymhurst,2,2026-05-24T11:00:00,227,3192
T4_BAG,Lymhurst,2,2026-05-24T12:00:00,180,3048
T4_BAG,Lymhurst,2,2026-05-24T13:00:00,212,3203
T4_BAG,Lymhurst,2,2026-05-24T14:00:00,280,3249
T4_BAG,Lymhurst,2,2026-05-24T15:00:00,223,3165
T4_BAG,Lymhurst,2,2026-05-24T16:00:00,208,3177
T4_BAG,Lymhurst,2,2026-05-24T23:00:00,140,3079
T4_BAG,Lymhurst,2,2026-05-25T00:00:00,83,2937
T4_BAG,Lymhurst,2,2026-05-25T01:00:00,41,3028
T4_BAG,Lymhurst,2,2026-05-25T02:00:00,37,2874
T4_BAG,Lymhurst,2,2026-05-25T03:00:00,22,3116
T4_BAG,Lymhurst,2,2026-05-25T04:00:00,42,3105
T4_BAG,Lymhurst,2,2026-05-25T05:00:00,56,2898
T4_BAG,Lymhurst,2,2026-05-25T06:00:00,40,2968
T4_BAG,Lymhurst,2,2026-05-25T07:00:00,51,3062
T4_BAG,Lymhurst,2,2026-05-25T08:00:00,54,2966
T4_BAG,Lymhurst,2,2026-05-25T09:00:00,112,3039
T4_BAG,Lymhurst,2,2026-05-25T10:00:00,46,3137
T4_BAG,Lymhurst,2,2026-05-25T11:00:00,108,3055
T4_BAG,Lymhurst,2,2026-05-25T12:00:00,185,2966
T4_BAG,Lymhurst,2,2026-05-25T13:00:00,166,3094
T4_BAG,Lymhurst,2,2026-05-25T14:00:00,177,3142
T4_BAG,Lymhurst,2,2026-05-25T15:00:00,160,3138
T4_BAG,Lymhurst,2,2026-05-25T16:00:00,156,3103
T4_BAG,Lymhurst,2,2026-05-25T17:00:00,183,3193
T4_BAG,Lymhurst,2,2026-05-25T18:00:00,167,3142
T4_BAG,Lymhurst,2,2026-05-25T19:00:00,155,3066
T4_BAG,Lymhurst,2,2026-05-25T20:00:00,263,2871
T4_BAG,Lymhurst,2,2026-05-25T21:00:00,177,3123
T4_BAG,Lymhurst,2,2026-05-25T22:00:00,124,3227
T4_BAG,Lymhurst,2,2026-05-25T23:00:00,111,3258
T4_BAG,Lymhurst,2,2026-05-26T00:00:00,54,3185
T4_BAG,Lymhurst,3,2026-05-20T18:00:00,44,3420
T4_BAG,Lymhurst,3,2026-05-20T19:00:00,42,3313
T4_BAG,Lymhurst,3,2026-05-20T20:00:00,38,3479
T4_BAG,Lymhurst,3,2026-05-20T21:00:00,41,3561
T4_BAG,Lymhurst,3,2026-05-20T22:00:00,46,3213
T4_BAG,Lymhurst,3,2026-05-20T23:00:00,44,3692
T4_BAG,Lymhurst,3,2026-05-21T00:00:00,24,3529
T4_BAG,Lymhurst,3,2026-05-21T01:00:00,15,3531
T4_BAG,Lymhurst,3,2026-05-21T02:00:00,15,3223
T4_BAG,Lymhurst,3,2026-05-21T03:00:00,18,3525
T4_BAG,Lymhurst,3,2026-05-21T04:00:00,12,3436
T4_BAG,Lymhurst,3,2026-05-21T05:00:00,16,2730
T4_BAG,Lymhurst,3,2026-05-21T06:00:00,20,3315
T4_BAG,Lymhurst,3,2026-05-21T07:00:00,16,3578
T4_BAG,Lymhurst,3,2026-05-21T08:00:00,26,3310
T4_BAG,Lymhurst,3,2026-05-21T09:00:00,32,3267
T4_BAG,Lymhurst,3,2026-05-21T10:00:00,28,3596
T4_BAG,Lymhurst,3,2026-05-21T11:00:00,23,3459
T4_BAG,Lymhurst,3,2026-05-21T12:00:00,47,3546
T4_BAG,Lymhurst,3,2026-05-21T13:00:00,57,2941
T4_BAG,Lymhurst,3,2026-05-21T14:00:00,33,3148
T4_BAG,Lymhurst,3,2026-05-21T15:00:00,37,3157
T4_BAG,Lymhurst,3,2026-05-21T16:00:00,64,3146
T4_BAG,Lymhurst,3,2026-05-21T17:00:00,78,3157
T4_BAG,Lymhurst,3,2026-05-21T18:00:00,69,3287
T4_BAG,Lymhurst,3,2026-05-21T19:00:00,70,3310
T4_BAG,Lymhurst,3,2026-05-21T20:00:00,74,3175
T4_BAG,Lymhurst,3,2026-05-21T21:00:00,45,3217
T4_BAG,Lymhurst,3,2026-05-21T22:00:00,107,3427
T4_BAG,Lymhurst,3,2026-05-21T23:00:00,24,2996
T4_BAG,Lymhurst,3,2026-05-22T00:00:00,14,3241
T4_BAG,Lymhurst,3,2026-05-22T01:00:00,11,3108
T4_BAG,Lymhurst,3,2026-05-22T02:00:00,11,3204
T4_BAG,Lymhurst,3,2026-05-22T03:00:00,19,3287
T4_BAG,Lymhurst,3,2026-05-22T04:00:00,5,3096
T4_BAG,Lymhurst,3,2026-05-22T05:00:00,9,3279
T4_BAG,Lymhurst,3,2026-05-22T06:00:00,9,2800
T4_BAG,Lymhurst,3,2026-05-22T07:00:00,27,3157
T4_BAG,Lymhurst,3,2026-05-22T08:00:00,32,2992
T4_BAG,Lymhurst,3,2026-05-22T09:00:00,21,2975
T4_BAG,Lymhurst,3,2026-05-22T10:00:00,15,2907
T4_BAG,Lymhurst,3,2026-05-22T11:00:00,47,2979
T4_BAG,Lymhurst,3,2026-05-22T12:00:00,42,3001
T4_BAG,Lymhurst,3,2026-05-22T13:00:00,28,3011
T4_BAG,Lymhurst,3,2026-05-22T14:00:00,48,3168
T4_BAG,Lymhurst,3,2026-05-22T15:00:00,197,3344
T4_BAG,Lymhurst,3,2026-05-22T16:00:00,50,3031
T4_BAG,Lymhurst,3,2026-05-22T17:00:00,77,3194
T4_BAG,Lymhurst,3,2026-05-22T18:00:00,65,3050
T4_BAG,Lymhurst,3,2026-05-22T19:00:00,87,3002
T4_BAG,Lymhurst,3,2026-05-22T20:00:00,51,3171
T4_BAG,Lymhurst,3,2026-05-22T21:00:00,72,2959
T4_BAG,Lymhurst,3,2026-05-22T22:00:00,39,2995
T4_BAG,Lymhurst,3,2026-05-22T23:00:00,34,3002
T4_BAG,Lymhurst,3,2026-05-23T00:00:00,13,3352
T4_BAG,Lymhurst,3,2026-05-23T01:00:00,16,3122
T4_BAG,Lymhurst,3,2026-05-23T02:00:00,14,3045
T4_BAG,Lymhurst,3,2026-05-23T03:00:00,8,3025
T4_BAG,Lymhurst,3,2026-05-23T04:00:00,8,2907
T4_BAG,Lymhurst,3,2026-05-23T05:00:00,8,3156
T4_BAG,Lymhurst,3,2026-05-23T06:00:00,45,3203
T4_BAG,Lymhurst,3,2026-05-23T07:00:00,44,3215
T4_BAG,Lymhurst,3,2026-05-23T08:00:00,45,3102
T4_BAG,Lymhurst,3,2026-05-23T09:00:00,60,3063
T4_BAG,Lymhurst,3,2026-05-23T10:00:00,31,3075
T4_BAG,Lymhurst,3,2026-05-23T11:00:00,65,3075
T4_BAG,Lymhurst,3,2026-05-23T12:00:00,77,3205
T4_BAG,Lymhurst,3,2026-05-23T13:00:00,239,3285
T4_BAG,Lymhurst,3,2026-05-23T14:00:00,55,3061
T4_BAG,Lymhurst,3,2026-05-23T15:00:00,58,3065
T4_BAG,Lymhurst,3,2026-05-23T16:00:00,47,3217
T4_BAG,Lymhurst,3,2026-05-23T17:00:00,63,3108
T4_BAG,Lymhurst,3,2026-05-23T18:00:00,75,3150
T4_BAG,Lymhurst,3,2026-05-23T19:00:00,44,3094
T4_BAG,Lymhurst,3,2026-05-23T20:00:00,57,3077
T4_BAG,Lymhurst,3,2026-05-23T21:00:00,68,3000
T4_BAG,Lymhurst,3,2026-05-23T22:00:00,61,3200
T4_BAG,Lymhurst,3,2026-05-23T23:00:00,81,3267
T4_BAG,Lymhurst,3,2026-05-24T00:00:00,253,3345
T4_BAG,Lymhurst,3,2026-05-24T01:00:00,33,3043
T4_BAG,Lymhurst,3,2026-05-24T02:00:00,7,3399
T4_BAG,Lymhurst,3,2026-05-24T03:00:00,16,3133
T4_BAG,Lymhurst,3,2026-05-24T04:00:00,29,3289
T4_BAG,Lymhurst,3,2026-05-24T05:00:00,44,3302
T4_BAG,Lymhurst,3,2026-05-24T06:00:00,12,3042
T4_BAG,Lymhurst,3,2026-05-24T07:00:00,13,3234
T4_BAG,Lymhurst,3,2026-05-24T08:00:00,62,3244
T4_BAG,Lymhurst,3,2026-05-24T23:00:00,502,3374
T4_BAG,Lymhurst,3,2026-05-25T00:00:00,53,3171
T4_BAG,Lymhurst,3,2026-05-25T01:00:00,15,3156
T4_BAG,Lymhurst,3,2026-05-25T02:00:00,13,3193
T4_BAG,Lymhurst,3,2026-05-25T03:00:00,13,3036
T4_BAG,Lymhurst,3,2026-05-25T04:00:00,25,3225
T4_BAG,Lymhurst,3,2026-05-25T05:00:00,30,3087
T4_BAG,Lymhurst,3,2026-05-25T06:00:00,26,3053
T4_BAG,Lymhurst,3,2026-05-25T07:00:00,16,3032
T4_BAG,Lymhurst,3,2026-05-25T08:00:00,24,2997
T4_BAG,Lymhurst,3,2026-05-25T09:00:00,36,2966
T4_BAG,Lymhurst,3,2026-05-25T10:00:00,21,3105
T4_BAG,Lymhurst,3,2026-05-25T11:00:00,70,2980
T4_BAG,Lymhurst,3,2026-05-25T12:00:00,54,2917
T4_BAG,Lymhurst,3,2026-05-25T13:00:00,47,3059
T4_BAG,Lymhurst,3,2026-05-25T14:00:00,61,3261
T4_BAG,Lymhurst,3,2026-05-25T15:00:00,75,3271
T4_BAG,Lymhurst,3,2026-05-25T16:00:00,84,3311
T4_BAG,Lymhurst,3,2026-05-25T17:00:00,92,3249
T4_BAG,Lymhurst,3,2026-05-25T18:00:00,84,3349
T4_BAG,Lymhurst,3,2026-05-25T19:00:00,68,3358
T4_BAG,Lymhurst,3,2026-05-25T20:00:00,138,3079
T4_BAG,Lymhurst,3,2026-05-25T21:00:00,90,3263
T4_BAG,Lymhurst,3,2026-05-25T22:00:00,44,3434
T4_BAG,Lymhurst,3,2026-05-25T23:00:00,37,3269
T4_BAG,Martlock,1,2026-05-19T23:00:00,16,2583
T4_BAG,Martlock,1,2026-05-20T00:00:00,14,2675
T4_BAG,Martlock,1,2026-05-20T01:00:00,9,2944
T4_BAG,Martlock,1,2026-05-20T02:00:00,5,2850
T4_BAG,Martlock,1,2026-05-20T03:00:00,3,2362
T4_BAG,Martlock,1,2026-05-20T04:00:00,4,2535
T4_BAG,Martlock,1,2026-05-20T05:00:00,5,2278
T4_BAG,Martlock,1,2026-05-20T06:00:00,5,2431
T4_BAG,Martlock,1,2026-05-20T07:00:00,42,2959
T4_BAG,Martlock,1,2026-05-20T08:00:00,13,2247
T4_BAG,Martlock,1,2026-05-20T09:00:00,8,2626
T4_BAG,Martlock,1,2026-05-20T10:00:00,22,2605
T4_BAG,Martlock,1,2026-05-20T11:00:00,25,2693
T4_BAG,Martlock,1,2026-05-20T12:00:00,21,2671
T4_BAG,Martlock,1,2026-05-20T13:00:00,42,2820
T4_BAG,Martlock,1,2026-05-20T14:00:00,39,2745
T4_BAG,Martlock,1,2026-05-20T15:00:00,14,2639
T4_BAG,Martlock,1,2026-05-21T13:00:00,40,2627
T4_BAG,Martlock,1,2026-05-21T14:00:00,34,2667
T4_BAG,Martlock,1,2026-05-21T15:00:00,27,2795
T4_BAG,Martlock,1,2026-05-21T16:00:00,27,2605
T4_BAG,Martlock,1,2026-05-21T17:00:00,160,2970
T4_BAG,Martlock,1,2026-05-21T18:00:00,113,2911
T4_BAG,Martlock,1,2026-05-21T19:00:00,38,2657
T4_BAG,Martlock,1,2026-05-21T20:00:00,42,2503
T4_BAG,Martlock,1,2026-05-21T21:00:00,38,2762
T4_BAG,Martlock,1,2026-05-21T22:00:00,18,2574
T4_BAG,Martlock,1,2026-05-21T23:00:00,217,2899
T4_BAG,Martlock,1,2026-05-22T00:00:00,10,2707
T4_BAG,Martlock,1,2026-05-22T01:00:00,10,2516
T4_BAG,Martlock,1,2026-05-22T02:00:00,8,2745
T4_BAG,Martlock,1,2026-05-22T03:00:00,4,2516
T4_BAG,Martlock,1,2026-05-22T04:00:00,8,2370
T4_BAG,Martlock,1,2026-05-22T05:00:00,69,2923
T4_BAG,Martlock,1,2026-05-22T06:00:00,12,2401
T4_BAG,Martlock,1,2026-05-22T07:00:00,15,2851
T4_BAG,Martlock,1,2026-05-22T08:00:00,24,2666
T4_BAG,Martlock,1,2026-05-22T09:00:00,27,2520
T4_BAG,Martlock,1,2026-05-22T10:00:00,26,2800
T4_BAG,Martlock,1,2026-05-22T11:00:00,26,2765
T4_BAG,Martlock,1,2026-05-22T12:00:00,71,2711
T4_BAG,Martlock,1,2026-05-22T13:00:00,28,2665
T4_BAG,Martlock,1,2026-05-22T14:00:00,30,2499
T4_BAG,Martlock,1,2026-05-22T15:00:00,38,2467
T4_BAG,Martlock,1,2026-05-22T16:00:00,111,2678
T4_BAG,Martlock,1,2026-05-22T17:00:00,43,2672
T4_BAG,Martlock,1,2026-05-22T18:00:00,88,2881
T4_BAG,Martlock,1,2026-05-22T19:00:00,90,2890
T4_BAG,Martlock,1,2026-05-22T20:00:00,297,3023
T4_BAG,Martlock,1,2026-05-22T21:00:00,69,2870
T4_BAG,Martlock,1,2026-05-22T22:00:00,57,2870
T4_BAG,Martlock,1,2026-05-22T23:00:00,28,2678
T4_BAG,Martlock,1,2026-05-23T00:00:00,14,2576
T4_BAG,Martlock,1,2026-05-23T01:00:00,11,2517
T4_BAG,Martlock,1,2026-05-23T02:00:00,9,2800
T4_BAG,Martlock,1,2026-05-23T03:00:00,12,2337
T4_BAG,Martlock,1,2026-05-23T04:00:00,17,2602
T4_BAG,Martlock,1,2026-05-23T05:00:00,13,2831
T4_BAG,Martlock,1,2026-05-23T06:00:00,18,2629
T4_BAG,Martlock,1,2026-05-23T07:00:00,17,2777
T4_BAG,Martlock,1,2026-05-23T08:00:00,36,2630
T4_BAG,Martlock,1,2026-05-23T09:00:00,28,2769
T4_BAG,Martlock,1,2026-05-23T10:00:00,41,2817
T4_BAG,Martlock,1,2026-05-23T11:00:00,47,2765
T4_BAG,Martlock,1,2026-05-23T12:00:00,66,2845
T4_BAG,Martlock,1,2026-05-23T13:00:00,53,2700
T4_BAG,Martlock,1,2026-05-23T14:00:00,32,2581
T4_BAG,Martlock,1,2026-05-23T15:00:00,43,2737
T4_BAG,Martlock,1,2026-05-23T16:00:00,26,2579
T4_BAG,Martlock,1,2026-05-23T17:00:00,35,2482
T4_BAG,Martlock,1,2026-05-23T18:00:00,62,2681
T4_BAG,Martlock,1,2026-05-23T19:00:00,122,2420
T4_BAG,Martlock,1,2026-05-23T20:00:00,49,2858
T4_BAG,Martlock,1,2026-05-23T21:00:00,93,2751
T4_BAG,Martlock,1,2026-05-23T22:00:00,48,2909
T4_BAG,Martlock,1,2026-05-23T23:00:00,69,2868
T4_BAG,Martlock,1,2026-05-24T00:00:00,25,2672
T4_BAG,Martlock,1,2026-05-24T01:00:00,27,2841
T4_BAG,Martlock,1,2026-05-24T02:00:00,34,2770
T4_BAG,Martlock,1,2026-05-24T03:00:00,21,2464
T4_BAG,Martlock,1,2026-05-24T04:00:00,7,2286
T4_BAG,Martlock,1,2026-05-24T05:00:00,32,2356
T4_BAG,Martlock,1,2026-05-24T06:00:00,21,2408
T4_BAG,Martlock,1,2026-05-24T07:00:00,9,2493
T4_BAG,Martlock,1,2026-05-24T17:00:00,69,2837
T4_BAG,Martlock,1,2026-05-24T18:00:00,66,2866
T4_BAG,Martlock,1,2026-05-24T19:00:00,52,2860
T4_BAG,Martlock,1,2026-05-24T20:00:00,116,3130
T4_BAG,Martlock,1,2026-05-24T21:00:00,42,2740
T4_BAG,Martlock,1,2026-05-24T22:00:00,31,2548
T4_BAG,Martlock,1,2026-05-24T23:00:00,27,2948
T4_BAG,Martlock,1,2026-05-25T00:00:00,62,2890
T4_BAG,Martlock,1,2026-05-25T01:00:00,10,2841
T4_BAG,Martlock,1,2026-05-25T02:00:00,9,2596
T4_BAG,Martlock,1,2026-05-25T03:00:00,8,2508
T4_BAG,Martlock,1,2026-05-25T04:00:00,13,2571
T4_BAG,Martlock,1,2026-05-25T05:00:00,15,2613
T4_BAG,Martlock,1,2026-05-25T06:00:00,15,2363
T4_BAG,Martlock,1,2026-05-25T07:00:00,9,2476
T4_BAG,Martlock,1,2026-05-25T08:00:00,20,2494
T4_BAG,Martlock,1,2026-05-25T09:00:00,11,2817
T4_BAG,Martlock,1,2026-05-25T10:00:00,11,2932
T4_BAG,Martlock,1,2026-05-25T11:00:00,21,2917
T4_BAG,Martlock,1,2026-05-25T12:00:00,11,2889
T4_BAG,Martlock,1,2026-05-25T13:00:00,89,2783
T4_BAG,Martlock,1,2026-05-25T14:00:00,40,2895
T4_BAG,Martlock,1,2026-05-25T15:00:00,64,2904
T4_BAG,Martlock,1,2026-05-25T16:00:00,45,2859
T4_BAG,Martlock,1,2026-05-25T17:00:00,60,2880
T4_BAG,Martlock,1,2026-05-25T18:00:00,47,2867
T4_BAG,Martlock,1,2026-05-25T19:00:00,82,2892
T4_BAG,Martlock,2,2026-05-19T23:00:00,64,2833
T4_BAG,Martlock,2,2026-05-20T00:00:00,32,2767
T4_BAG,Martlock,2,2026-05-20T01:00:00,14,2538
T4_BAG,Martlock,2,2026-05-20T02:00:00,17,2383
T4_BAG,Martlock,2,2026-05-20T03:00:00,8,2927
T4_BAG,Martlock,2,2026-05-20T04:00:00,19,2559
T4_BAG,Martlock,2,2026-05-20T05:00:00,37,2518
T4_BAG,Martlock,2,2026-05-20T06:00:00,12,2708
T4_BAG,Martlock,2,2026-05-20T07:00:00,89,3025
T4_BAG,Martlock,2,2026-05-20T08:00:00,40,2778
T4_BAG,Martlock,2,2026-05-20T09:00:00,225,2951
T4_BAG,Martlock,2,2026-05-20T10:00:00,25,2802
T4_BAG,Martlock,2,2026-05-20T11:00:00,47,2739
T4_BAG,Martlock,2,2026-05-20T12:00:00,75,2817
T4_BAG,Martlock,2,2026-05-20T13:00:00,74,2793
T4_BAG,Martlock,2,2026-05-20T14:00:00,83,2764
T4_BAG,Martlock,2,2026-05-20T15:00:00,100,2828
T4_BAG,Martlock,2,2026-05-20T16:00:00,121,2877
T4_BAG,Martlock,2,2026-05-20T17:00:00,84,2793
T4_BAG,Martlock,2,2026-05-20T18:00:00,130,2862
T4_BAG,Martlock,2,2026-05-20T19:00:00,79,2761
T4_BAG,Martlock,2,2026-05-20T20:00:00,72,2778
T4_BAG,Martlock,2,2026-05-20T21:00:00,70,2641
T4_BAG,Martlock,2,2026-05-20T22:00:00,33,2598
T4_BAG,Martlock,2,2026-05-20T23:00:00,37,2513
T4_BAG,Martlock,2,2026-05-21T00:00:00,21,2637
T4_BAG,Martlock,2,2026-05-21T01:00:00,59,2165
T4_BAG,Martlock,2,2026-05-21T02:00:00,12,2758
T4_BAG,Martlock,2,2026-05-21T03:00:00,14,2586
T4_BAG,Martlock,2,2026-05-21T04:00:00,14,2700
T4_BAG,Martlock,2,2026-05-21T05:00:00,17,2715
T4_BAG,Martlock,2,2026-05-21T06:00:00,19,2593
T4_BAG,Martlock,2,2026-05-21T07:00:00,18,2731
T4_BAG,Martlock,2,2026-05-21T08:00:00,187,2995
T4_BAG,Martlock,2,2026-05-21T09:00:00,33,2575
T4_BAG,Martlock,2,2026-05-21T10:00:00,14,2544
T4_BAG,Martlock,2,2026-05-21T11:00:00,95,2986
T4_BAG,Martlock,2,2026-05-21T12:00:00,50,2685
T4_BAG,Martlock,2,2026-05-21T13:00:00,64,3023
T4_BAG,Martlock,2,2026-05-21T14:00:00,93,2838
T4_BAG,Martlock,2,2026-05-21T15:00:00,98,2921
T4_BAG,Martlock,2,2026-05-21T16:00:00,105,2846
T4_BAG,Martlock,2,2026-05-21T17:00:00,334,3027
T4_BAG,Martlock,2,2026-05-21T18:00:00,83,2849
T4_BAG,Martlock,2,2026-05-21T19:00:00,163,2920
T4_BAG,Martlock,2,2026-05-21T20:00:00,247,2649
T4_BAG,Martlock,2,2026-05-21T21:00:00,114,2810
T4_BAG,Martlock,2,2026-05-21T22:00:00,110,2850
T4_BAG,Martlock,2,2026-05-21T23:00:00,2803,2986
T4_BAG,Martlock,2,2026-05-22T00:00:00,45,2657
T4_BAG,Martlock,2,2026-05-22T01:00:00,361,2980
T4_BAG,Martlock,2,2026-05-22T02:00:00,23,2663
T4_BAG,Martlock,2,2026-05-22T03:00:00,18,2622
T4_BAG,Martlock,2,2026-05-22T04:00:00,15,2636
T4_BAG,Martlock,2,2026-05-22T05:00:00,150,2979
T4_BAG,Martlock,2,2026-05-22T06:00:00,25,2913
T4_BAG,Martlock,2,2026-05-22T07:00:00,25,2757
T4_BAG,Martlock,2,2026-05-22T08:00:00,156,2919
T4_BAG,Martlock,2,2026-05-22T09:00:00,57,2799
T4_BAG,Martlock,2,2026-05-22T10:00:00,498,2983
T4_BAG,Martlock,2,2026-05-22T11:00:00,39,2696
T4_BAG,Martlock,2,2026-05-22T12:00:00,174,2910
T4_BAG,Martlock,2,2026-05-22T13:00:00,79,2880
T4_BAG,Martlock,2,2026-05-22T14:00:00,85,2839
T4_BAG,Martlock,2,2026-05-22T15:00:00,116,2878
T4_BAG,Martlock,2,2026-05-22T16:00:00,98,2832
T4_BAG,Martlock,2,2026-05-22T17:00:00,343,2990
T4_BAG,Martlock,2,2026-05-22T18:00:00,70,2717
T4_BAG,Martlock,2,2026-05-22T19:00:00,62,2682
T4_BAG,Martlock,2,2026-05-22T20:00:00,76,2700
T4_BAG,Martlock,2,2026-05-22T21:00:00,87,2820
T4_BAG,Martlock,2,2026-05-22T22:00:00,69,2831
T4_BAG,Martlock,2,2026-05-22T23:00:00,71,2757
T4_BAG,Martlock,2,2026-05-23T00:00:00,369,3021
T4_BAG,Martlock,2,2026-05-23T01:00:00,29,2667
T4_BAG,Martlock,2,2026-05-23T02:00:00,17,2772
T4_BAG,Martlock,2,2026-05-23T03:00:00,14,2710
T4_BAG,Martlock,2,2026-05-23T04:00:00,9,2629
T4_BAG,Martlock,2,2026-05-23T05:00:00,18,2946
T4_BAG,Martlock,2,2026-05-23T06:00:00,29,2946
T4_BAG,Martlock,2,2026-05-23T07:00:00,72,3013
T4_BAG,Martlock,2,2026-05-23T08:00:00,45,2757
T4_BAG,Martlock,2,2026-05-23T09:00:00,55,2862
T4_BAG,Martlock,2,2026-05-23T10:00:00,26,2730
T4_BAG,Martlock,2,2026-05-23T11:00:00,84,2744
T4_BAG,Martlock,2,2026-05-23T12:00:00,45,2752
T4_BAG,Martlock,2,2026-05-23T13:00:00,92,2848
T4_BAG,Martlock,2,2026-05-23T14:00:00,107,2926
T4_BAG,Martlock,2,2026-05-23T15:00:00,93,2828
T4_BAG,Martlock,2,2026-05-23T16:00:00,122,2833
T4_BAG,Martlock,2,2026-05-23T17:00:00,156,2794
T4_BAG,Martlock,2,2026-05-23T18:00:00,109,2869
T4_BAG,Martlock,2,2026-05-23T19:00:00,155,2661
T4_BAG,Martlock,2,2026-05-23T20:00:00,119,2883
T4_BAG,Martlock,2,2026-05-23T21:00:00,69,2590
T4_BAG,Martlock,2,2026-05-23T22:00:00,48,2870
T4_BAG,Martlock,2,2026-05-23T23:00:00,446,3008
T4_BAG,Martlock,2,2026-05-24T00:00:00,42,2803
T4_BAG,Martlock,2,2026-05-24T01:00:00,26,2760
T4_BAG,Martlock,2,2026-05-24T02:00:00,9,2630
T4_BAG,Martlock,2,2026-05-24T03:00:00,9,2629
T4_BAG,Martlock,2,2026-05-24T04:00:00,8,2664
T4_BAG,Martlock,2,2026-05-24T05:00:00,10,2337
T4_BAG,Martlock,2,2026-05-24T06:00:00,26,2559
T4_BAG,Martlock,2,2026-05-24T07:00:00,56,2663
T4_BAG,Martlock,2,2026-05-24T08:00:00,54,2596
T4_BAG,Martlock,2,2026-05-24T09:00:00,65,2520
T4_BAG,Martlock,2,2026-05-24T10:00:00,33,2539
T4_BAG,Martlock,2,2026-05-24T11:00:00,92,2547
T4_BAG,Martlock,2,2026-05-24T12:00:00,180,2618
T4_BAG,Martlock,2,2026-05-24T13:00:00,219,2669
T4_BAG,Martlock,2,2026-05-24T14:00:00,101,2792
T4_BAG,Martlock,2,2026-05-24T15:00:00,43,2659
T4_BAG,Martlock,2,2026-05-24T17:00:00,91,2835
T4_BAG,Martlock,2,2026-05-24T18:00:00,73,2923
T4_BAG,Martlock,2,2026-05-24T19:00:00,96,2648
T4_BAG,Martlock,2,2026-05-24T20:00:00,117,2914
T4_BAG,Martlock,2,2026-05-24T21:00:00,56,2752
T4_BAG,Martlock,2,2026-05-24T22:00:00,59,2689
T4_BAG,Martlock,2,2026-05-24T23:00:00,40,2774
T4_BAG,Martlock,2,2026-05-25T00:00:00,240,3006
T4_BAG,Martlock,2,2026-05-25T01:00:00,21,2788
T4_BAG,Martlock,2,2026-05-25T02:00:00,21,2882
T4_BAG,Martlock,2,2026-05-25T03:00:00,20,2626
T4_BAG,Martlock,2,2026-05-25T04:00:00,21,2694
T4_BAG,Martlock,2,2026-05-25T05:00:00,25,2676
T4_BAG,Martlock,2,2026-05-25T06:00:00,39,2859
T4_BAG,Martlock,2,2026-05-25T07:00:00,43,2801
T4_BAG,Martlock,2,2026-05-25T08:00:00,23,2531
T4_BAG,Martlock,2,2026-05-25T09:00:00,56,2872
T4_BAG,Martlock,2,2026-05-25T10:00:00,420,3069
T4_BAG,Martlock,2,2026-05-25T11:00:00,103,2967
T4_BAG,Martlock,2,2026-05-25T12:00:00,100,2948
T4_BAG,Martlock,2,2026-05-25T13:00:00,53,2796
T4_BAG,Martlock,2,2026-05-25T14:00:00,69,2789
T4_BAG,Martlock,2,2026-05-25T15:00:00,60,2792
T4_BAG,Martlock,2,2026-05-25T16:00:00,93,2947
T4_BAG,Martlock,2,2026-05-25T17:00:00,87,2867
T4_BAG,Martlock,2,2026-05-25T18:00:00,58,2745
T4_BAG,Martlock,2,2026-05-25T19:00:00,68,2895
T4_BAG,Martlock,3,2026-05-19T23:00:00,9,3001
T4_BAG,Martlock,3,2026-05-20T23:00:00,14,2437
T4_BAG,Martlock,3,2026-05-21T00:00:00,12,2711
T4_BAG,Martlock,3,2026-05-21T01:00:00,14,2193
T4_BAG,Martlock,3,2026-05-21T02:00:00,2,2587
T4_BAG,Martlock,3,2026-05-21T03:00:00,3,2771
T4_BAG,Martlock,3,2026-05-21T04:00:00,132,3127
T4_BAG,Martlock,3,2026-05-21T05:00:00,6,2955
T4_BAG,Martlock,3,2026-05-21T06:00:00,4,3131
T4_BAG,Martlock,3,2026-05-21T07:00:00,9,2541
T4_BAG,Martlock,3,2026-05-21T08:00:00,7,2664
T4_BAG,Martlock,3,2026-05-21T09:00:00,21,3029
T4_BAG,Martlock,3,2026-05-21T10:00:00,9,2888
T4_BAG,Martlock,3,2026-05-21T11:00:00,20,3141
T4_BAG,Martlock,3,2026-05-21T12:00:00,17,2680
T4_BAG,Martlock,3,2026-05-21T13:00:00,19,2721
T4_BAG,Martlock,3,2026-05-21T14:00:00,17,2743
T4_BAG,Martlock,3,2026-05-21T15:00:00,12,2766
T4_BAG,Martlock,3,2026-05-21T16:00:00,17,2808
T4_BAG,Martlock,3,2026-05-21T17:00:00,20,3067
T4_BAG,Martlock,3,2026-05-21T18:00:00,38,3004
T4_BAG,Martlock,3,2026-05-21T19:00:00,53,3037
T4_BAG,Martlock,3,2026-05-21T20:00:00,36,3051
T4_BAG,Martlock,3,2026-05-21T21:00:00,28,2866
T4_BAG,Martlock,3,2026-05-21T22:00:00,30,2956
T4_BAG,Martlock,3,2026-05-21T23:00:00,6,3271
T4_BAG,Martlock,3,2026-05-22T10:00:00,11,2846
T4_BAG,Martlock,3,2026-05-22T11:00:00,17,2985
T4_BAG,Martlock,3,2026-05-22T12:00:00,148,3056
T4_BAG,Martlock,3,2026-05-22T13:00:00,107,3045
T4_BAG,Martlock,3,2026-05-22T14:00:00,11,2534
T4_BAG,Martlock,3,2026-05-22T15:00:00,22,2746
T4_BAG,Martlock,3,2026-05-22T16:00:00,28,2734
T4_BAG,Martlock,3,2026-05-22T17:00:00,19,2752
T4_BAG,Martlock,3,2026-05-22T18:00:00,30,2977
T4_BAG,Martlock,3,2026-05-22T19:00:00,25,2880
T4_BAG,Martlock,3,2026-05-22T20:00:00,23,2861
T4_BAG,Martlock,3,2026-05-22T21:00:00,18,2642
T4_BAG,Martlock,3,2026-05-22T22:00:00,18,2801
T4_BAG,Martlock,3,2026-05-22T23:00:00,18,2909
T4_BAG,Martlock,3,2026-05-23T00:00:00,13,2561
T4_BAG,Martlock,3,2026-05-23T01:00:00,9,2727
T4_BAG,Martlock,3,2026-05-23T02:00:00,4,3068
T4_BAG,Martlock,3,2026-05-23T03:00:00,4,2347
T4_BAG,Martlock,3,2026-05-23T04:00:00,6,2748
T4_BAG,Martlock,3,2026-05-23T05:00:00,4,2517
T4_BAG,Martlock,3,2026-05-23T06:00:00,14,2912
T4_BAG,Martlock,3,2026-05-23T07:00:00,16,2882
T4_BAG,Martlock,3,2026-05-23T08:00:00,14,3068
T4_BAG,Martlock,3,2026-05-23T09:00:00,16,2852
T4_BAG,Martlock,3,2026-05-23T10:00:00,1,3069
T4_BAG,Thetford,1,2026-05-21T17:00:00,36,3406
T4_BAG,Thetford,1,2026-05-21T18:00:00,50,3408
T4_BAG,Thetford,1,2026-05-21T19:00:00,58,3572
T4_BAG,Thetford,1,2026-05-21T20:00:00,68,3733
T4_BAG,Thetford,1,2026-05-21T21:00:00,60,3699
T4_BAG,Thetford,1,2026-05-21T22:00:00,52,3792
T4_BAG,Thetford,1,2026-05-21T23:00:00,34,3664
T4_BAG,Thetford,1,2026-05-22T00:00:00,25,3788
T4_BAG,Thetford,1,2026-05-22T01:00:00,29,3711
T4_BAG,Thetford,1,2026-05-22T02:00:00,15,3645
T4_BAG,Thetford,1,2026-05-22T03:00:00,16,3668
T4_BAG,Thetford,1,2026-05-22T04:00:00,8,3607
T4_BAG,Thetford,1,2026-05-22T05:00:00,40,3356
T4_BAG,Thetford,1,2026-05-22T06:00:00,23,3587
T4_BAG,Thetford,1,2026-05-22T07:00:00,47,3851
T4_BAG,Thetford,1,2026-05-22T08:00:00,61,3652
T4_BAG,Thetford,1,2026-05-22T09:00:00,37,3438
T4_BAG,Thetford,1,2026-05-22T10:00:00,27,3787
T4_BAG,Thetford,1,2026-05-22T11:00:00,77,3713
T4_BAG,Thetford,1,2026-05-22T12:00:00,64,3662
T4_BAG,Thetford,1,2026-05-22T13:00:00,58,3566
T4_BAG,Thetford,1,2026-05-22T14:00:00,89,3653
T4_BAG,Thetford,1,2026-05-22T15:00:00,96,3712
T4_BAG,Thetford,1,2026-05-22T16:00:00,84,3666
T4_BAG,Thetford,1,2026-05-22T17:00:00,70,3693
T4_BAG,Thetford,1,2026-05-22T18:00:00,92,3732
T4_BAG,Thetford,1,2026-05-22T19:00:00,56,3782
T4_BAG,Thetford,1,2026-05-22T20:00:00,99,3757
T4_BAG,Thetford,1,2026-05-22T21:00:00,82,3779
T4_BAG,Thetford,1,2026-05-22T22:00:00,31,3583
T4_BAG,Thetford,1,2026-05-22T23:00:00,51,3704
T4_BAG,Thetford,1,2026-05-23T00:00:00,36,3581
T4_BAG,Thetford,1,2026-05-23T01:00:00,26,3452
T4_BAG,Thetford,1,2026-05-23T02:00:00,13,3301
T4_BAG,Thetford,1,2026-05-23T03:00:00,14,3654
T4_BAG,Thetford,1,2026-05-23T04:00:00,14,3400
T4_BAG,Thetford,1,2026-05-23T05:00:00,19,3400
T4_BAG,Thetford,1,2026-05-23T06:00:00,20,3477
T4_BAG,Thetford,1,2026-05-23T07:00:00,42,3552
T4_BAG,Thetford,1,2026-05-23T08:00:00,37,3544
T4_BAG,Thetford,1,2026-05-23T09:00:00,58,3607
T4_BAG,Thetford,1,2026-05-23T10:00:00,29,3529
T4_BAG,Thetford,1,2026-05-23T11:00:00,32,3443
T4_BAG,Thetford,1,2026-05-23T12:00:00,33,3406
T4_BAG,Thetford,1,2026-05-23T13:00:00,104,3785
T4_BAG,Thetford,1,2026-05-23T14:00:00,38,3665
T4_BAG,Thetford,1,2026-05-23T15:00:00,71,3739
T4_BAG,Thetford,1,2026-05-23T16:00:00,107,3464
T4_BAG,Thetford,1,2026-05-23T17:00:00,39,3443
T4_BAG,Thetford,1,2026-05-23T18:00:00,100,3916
T4_BAG,Thetford,1,2026-05-23T19:00:00,51,3616
T4_BAG,Thetford,1,2026-05-23T20:00:00,56,3700
T4_BAG,Thetford,1,2026-05-23T21:00:00,42,3648
T4_BAG,Thetford,1,2026-05-23T22:00:00,38,3678
T4_BAG,Thetford,1,2026-05-23T23:00:00,72,3791
T4_BAG,Thetford,1,2026-05-24T00:00:00,42,3671
T4_BAG,Thetford,1,2026-05-24T01:00:00,32,3639
T4_BAG,Thetford,1,2026-05-24T02:00:00,31,3432
T4_BAG,Thetford,1,2026-05-24T03:00:00,19,3608
T4_BAG,Thetford,1,2026-05-24T04:00:00,45,3296
T4_BAG,Thetford,1,2026-05-24T05:00:00,30,3652
T4_BAG,Thetford,1,2026-05-24T06:00:00,50,3514
T4_BAG,Thetford,1,2026-05-24T07:00:00,37,3599
T4_BAG,Thetford,1,2026-05-24T08:00:00,137,3675
T4_BAG,Thetford,1,2026-05-24T09:00:00,68,3692
T4_BAG,Thetford,1,2026-05-24T10:00:00,39,3755
T4_BAG,Thetford,1,2026-05-24T11:00:00,7,3841
T4_BAG,Thetford,1,2026-05-24T17:00:00,269,3239
T4_BAG,Thetford,1,2026-05-24T18:00:00,52,3691
T4_BAG,Thetford,1,2026-05-24T19:00:00,135,3747
T4_BAG,Thetford,1,2026-05-24T20:00:00,69,3563
T4_BAG,Thetford,1,2026-05-24T21:00:00,53,3851
T4_BAG,Thetford,1,2026-05-24T22:00:00,50,4052
T4_BAG,Thetford,1,2026-05-24T23:00:00,95,4074
T4_BAG,Thetford,1,2026-05-25T00:00:00,19,3710
T4_BAG,Thetford,1,2026-05-25T01:00:00,15,3604
T4_BAG,Thetford,1,2026-05-25T02:00:00,15,3518
T4_BAG,Thetford,1,2026-05-25T03:00:00,12,3666
T4_BAG,Thetford,1,2026-05-25T04:00:00,17,3659
T4_BAG,Thetford,1,2026-05-25T05:00:00,21,3609
T4_BAG,Thetford,1,2026-05-25T06:00:00,32,3625
T4_BAG,Thetford,1,2026-05-25T07:00:00,41,3585
T4_BAG,Thetford,1,2026-05-25T08:00:00,53,3649
T4_BAG,Thetford,1,2026-05-25T09:00:00,28,3561
T4_BAG,Thetford,1,2026-05-25T10:00:00,23,4043
T4_BAG,Thetford,1,2026-05-25T11:00:00,30,3725
T4_BAG,Thetford,1,2026-05-25T12:00:00,69,3868
T4_BAG,Thetford,1,2026-05-25T13:00:00,70,4021
T4_BAG,Thetford,1,2026-05-25T14:00:00,54,3902
T4_BAG,Thetford,1,2026-05-25T15:00:00,54,3989
T4_BAG,Thetford,1,2026-05-25T16:00:00,97,4128
T4_BAG,Thetford,1,2026-05-25T17:00:00,82,3976
T4_BAG,Thetford,1,2026-05-25T18:00:00,110,4135
T4_BAG,Thetford,1,2026-05-25T19:00:00,12,3597
T4_BAG,Thetford,2,2026-05-19T23:00:00,33,3650
T4_BAG,Thetford,2,2026-05-20T00:00:00,25,3594
T4_BAG,Thetford,2,2026-05-20T01:00:00,21,3638
T4_BAG,Thetford,2,2026-05-20T02:00:00,16,3455
T4_BAG,Thetford,2,2026-05-20T03:00:00,17,3600
T4_BAG,Thetford,2,2026-05-20T04:00:00,29,3677
T4_BAG,Thetford,2,2026-05-20T05:00:00,36,3675
T4_BAG,Thetford,2,2026-05-20T06:00:00,39,3596
T4_BAG,Thetford,2,2026-05-20T07:00:00,55,3734
T4_BAG,Thetford,2,2026-05-20T08:00:00,71,3739
T4_BAG,Thetford,2,2026-05-20T09:00:00,51,3623
T4_BAG,Thetford,2,2026-05-20T10:00:00,59,3628
T4_BAG,Thetford,2,2026-05-20T11:00:00,57,3544
T4_BAG,Thetford,2,2026-05-20T12:00:00,33,3781
T4_BAG,Thetford,2,2026-05-21T00:00:00,34,3690
T4_BAG,Thetford,2,2026-05-21T01:00:00,20,3248
T4_BAG,Thetford,2,2026-05-21T02:00:00,14,3526
T4_BAG,Thetford,2,2026-05-21T03:00:00,21,3664
T4_BAG,Thetford,2,2026-05-21T04:00:00,19,3586
T4_BAG,Thetford,2,2026-05-21T05:00:00,18,3406
T4_BAG,Thetford,2,2026-05-21T06:00:00,30,3683
T4_BAG,Thetford,2,2026-05-21T07:00:00,32,3794
T4_BAG,Thetford,2,2026-05-21T08:00:00,45,3731
T4_BAG,Thetford,2,2026-05-21T09:00:00,68,3757
T4_BAG,Thetford,2,2026-05-21T10:00:00,39,3778
T4_BAG,Thetford,2,2026-05-21T11:00:00,100,3793
T4_BAG,Thetford,2,2026-05-21T12:00:00,81,3863
T4_BAG,Thetford,2,2026-05-21T13:00:00,77,3811
T4_BAG,Thetford,2,2026-05-21T14:00:00,53,3658
T4_BAG,Thetford,2,2026-05-21T15:00:00,96,3760
T4_BAG,Thetford,2,2026-05-21T16:00:00,111,3754
T4_BAG,Thetford,2,2026-05-21T17:00:00,31,3441
T4_BAG,Thetford,2,2026-05-21T18:00:00,64,3637
T4_BAG,Thetford,2,2026-05-21T19:00:00,62,3701
T4_BAG,Thetford,2,2026-05-21T20:00:00,117,3799
T4_BAG,Thetford,2,2026-05-21T21:00:00,89,3762
T4_BAG,Thetford,2,2026-05-21T22:00:00,102,3872
T4_BAG,Thetford,2,2026-05-21T23:00:00,40,3514
T4_BAG,Thetford,2,2026-05-22T00:00:00,22,3536
T4_BAG,Thetford,2,2026-05-22T01:00:00,18,3209
T4_BAG,Thetford,2,2026-05-22T02:00:00,16,3671
T4_BAG,Thetford,2,2026-05-22T03:00:00,12,3399
T4_BAG,Thetford,2,2026-05-22T04:00:00,14,3413
T4_BAG,Thetford,2,2026-05-22T05:00:00,20,3433
T4_BAG,Thetford,2,2026-05-22T06:00:00,29,3671
T4_BAG,Thetford,2,2026-05-22T07:00:00,16,3792
T4_BAG,Thetford,2,2026-05-22T08:00:00,39,3622
T4_BAG,Thetford,2,2026-05-22T09:00:00,51,3589
T4_BAG,Thetford,2,2026-05-22T10:00:00,30,3678
T4_BAG,Thetford,2,2026-05-22T11:00:00,68,3715
T4_BAG,Thetford,2,2026-05-22T12:00:00,102,3777
T4_BAG,Thetford,2,2026-05-22T13:00:00,83,3818
T4_BAG,Thetford,2,2026-05-22T14:00:00,88,3566
T4_BAG,Thetford,2,2026-05-22T15:00:00,75,3567
T4_BAG,Thetford,2,2026-05-22T16:00:00,86,3633
T4_BAG,Thetford,2,2026-05-22T17:00:00,130,3677
T4_BAG,Thetford,2,2026-05-22T18:00:00,136,3740
T4_BAG,Thetford,2,2026-05-22T19:00:00,321,3894
T4_BAG,Thetford,2,2026-05-22T20:00:00,96,3664
T4_BAG,Thetford,2,2026-05-22T21:00:00,118,3787
T4_BAG,Thetford,2,2026-05-22T22:00:00,90,3726
T4_BAG,Thetford,2,2026-05-22T23:00:00,51,3644
T4_BAG,Thetford,2,2026-05-23T00:00:00,36,3647
T4_BAG,Thetford,2,2026-05-23T01:00:00,45,3580
T4_BAG,Thetford,2,2026-05-23T02:00:00,23,3623
T4_BAG,Thetford,2,2026-05-23T03:00:00,23,3589
T4_BAG,Thetford,2,2026-05-23T04:00:00,19,3624
T4_BAG,Thetford,2,2026-05-23T05:00:00,35,3532
T4_BAG,Thetford,2,2026-05-23T06:00:00,39,3650
T4_BAG,Thetford,2,2026-05-23T07:00:00,53,3500
T4_BAG,Thetford,2,2026-05-23T08:00:00,80,3683
T4_BAG,Thetford,2,2026-05-23T09:00:00,138,3715
T4_BAG,Thetford,2,2026-05-23T10:00:00,54,3579
T4_BAG,Thetford,2,2026-05-23T11:00:00,116,3751
T4_BAG,Thetford,2,2026-05-23T12:00:00,125,3728
T4_BAG,Thetford,2,2026-05-23T13:00:00,125,3847
T4_BAG,Thetford,2,2026-05-23T14:00:00,176,3785
T4_BAG,Thetford,2,2026-05-23T15:00:00,123,3776
T4_BAG,Thetford,2,2026-05-23T16:00:00,128,3657
T4_BAG,Thetford,2,2026-05-23T17:00:00,151,3732
T4_BAG,Thetford,2,2026-05-23T18:00:00,116,3778
T4_BAG,Thetford,2,2026-05-23T19:00:00,136,3727
T4_BAG,Thetford,2,2026-05-23T20:00:00,144,3696
T4_BAG,Thetford,2,2026-05-23T21:00:00,147,3724
T4_BAG,Thetford,2,2026-05-23T22:00:00,128,3742
T4_BAG,Thetford,2,2026-05-23T23:00:00,58,3645
T4_BAG,Thetford,2,2026-05-24T00:00:00,32,3461
T4_BAG,Thetford,2,2026-05-24T01:00:00,21,3519
T4_BAG,Thetford,2,2026-05-24T02:00:00,17,3465
T4_BAG,Thetford,2,2026-05-24T03:00:00,15,3264
T4_BAG,Thetford,2,2026-05-24T04:00:00,50,3079
T4_BAG,Thetford,2,2026-05-24T05:00:00,13,3456
T4_BAG,Thetford,2,2026-05-24T06:00:00,20,3689
T4_BAG,Thetford,2,2026-05-24T07:00:00,41,3740
T4_BAG,Thetford,2,2026-05-24T08:00:00,68,3501
T4_BAG,Thetford,2,2026-05-24T09:00:00,64,3582
T4_BAG,Thetford,2,2026-05-24T16:00:00,116,3750
T4_BAG,Thetford,2,2026-05-24T17:00:00,286,3388
T4_BAG,Thetford,2,2026-05-24T18:00:00,179,3814
T4_BAG,Thetford,2,2026-05-24T19:00:00,172,3796
T4_BAG,Thetford,2,2026-05-24T20:00:00,198,3883
T4_BAG,Thetford,2,2026-05-24T21:00:00,91,3843
T4_BAG,Thetford,2,2026-05-24T22:00:00,88,3914
T4_BAG,Thetford,2,2026-05-24T23:00:00,142,4003
T4_BAG,Thetford,2,2026-05-25T00:00:00,26,3824
T4_BAG,Thetford,2,2026-05-25T01:00:00,33,3863
T4_BAG,Thetford,2,2026-05-25T02:00:00,22,3258
T4_BAG,Thetford,2,2026-05-25T03:00:00,6,3166
T4_BAG,Thetford,2,2026-05-25T04:00:00,8,3613
T4_BAG,Thetford,2,2026-05-25T05:00:00,22,3535
T4_BAG,Thetford,2,2026-05-25T06:00:00,21,3421
T4_BAG,Thetford,2,2026-05-25T07:00:00,29,3512
T4_BAG,Thetford,2,2026-05-25T08:00:00,95,3901
T4_BAG,Thetford,2,2026-05-25T09:00:00,48,3990
T4_BAG,Thetford,2,2026-05-25T10:00:00,32,3934
T4_BAG,Thetford,2,2026-05-25T11:00:00,92,4067
T4_BAG,Thetford,2,2026-05-25T12:00:00,68,3782
T4_BAG,Thetford,2,2026-05-25T13:00:00,80,3981
T4_BAG,Thetford,2,2026-05-25T14:00:00,57,4005
T4_BAG,Thetford,2,2026-05-25T15:00:00,119,3966
T4_BAG,Thetford,2,2026-05-25T16:00:00,61,4024
T4_BAG,Thetford,2,2026-05-25T22:00:00,115,4138
T4_BAG,Thetford,2,2026-05-25T23:00:00,67,4083
T4_BAG,Thetford,2,2026-05-26T00:00:00,49,3851
T4_BAG,Thetford,3,2026-05-24T14:00:00,32,3618
T4_BAG,Thetford,3,2026-05-24T15:00:00,22,4094
T4_BAG,Thetford,3,2026-05-24T16:00:00,31,4080
T4_BAG,Thetford,3,2026-05-24T17:00:00,76,3727
T4_BAG,Thetford,3,2026-05-24T18:00:00,35,3893
T4_BAG,Thetford,3,2026-05-24T19:00:00,30,4059
T4_BAG,Thetford,3,2026-05-24T20:00:00,31,3814
T4_BAG,Thetford,3,2026-05-24T21:00:00,28,3901
T4_BAG,Thetford,3,2026-05-24T22:00:00,19,3996
T4_BAG,Thetford,3,2026-05-24T23:00:00,553,4144
T4_BAG,Thetford,3,2026-05-25T00:00:00,9,3907
T4_BAG,Thetford,3,2026-05-25T01:00:00,11,3717
T4_BAG,Thetford,3,2026-05-25T02:00:00,7,3797
T4_BAG,Thetford,3,2026-05-25T03:00:00,4,3743
T4_BAG,Thetford,3,2026-05-25T04:00:00,6,3660
T4_BAG,Thetford,3,2026-05-25T05:00:00,9,3439
T4_BAG,Thetford,3,2026-05-25T06:00:00,23,3910
T4_BAG,Thetford,3,2026-05-25T07:00:00,12,3764
T4_BAG,Thetford,3,2026-05-25T08:00:00,23,3791
T4_BAG,Thetford,3,2026-05-25T09:00:00,51,3837
T4_BAG,Thetford,3,2026-05-25T10:00:00,14,3945
T4_BAG,Thetford,3,2026-05-25T11:00:00,29,3714
T4_BAG,Thetford,3,2026-05-25T12:00:00,32,3583
T4_BAG,Thetford,3,2026-05-25T13:00:00,44,3822
T4_BAG,Thetford,3,2026-05-25T14:00:00,77,4089
T4_BAG,Thetford,3,2026-05-25T15:00:00,45,3906
T4_BAG,Thetford,3,2026-05-25T16:00:00,48,4011
T4_BAG,Thetford,3,2026-05-25T17:00:00,41,3769
T4_BAG,Thetford,3,2026-05-25T18:00:00,51,4014
T4_BAG,Thetford,3,2026-05-25T19:00:00,38,3978
T4_BAG,Thetford,3,2026-05-25T20:00:00,135,4255
T4_BAG,Thetford,3,2026-05-25T21:00:00,31,3916
T4_BAG,Thetford,3,2026-05-25T22:00:00,26,4136
T4_BAG,Thetford,3,2026-05-25T23:00:00,14,4017
T4_BAG,Thetford,3,2026-05-26T00:00:00,9,3952
